County Name,State,death_rate
Autauga,AL,1.5029522275899088
Baldwin,AL,1.0421755414427618
Barbour,AL,0.9708737864077669
Bibb,AL,1.694915254237288
Blount,AL,0.9518143961927424
Bullock,AL,2.5848142164781907
Butler,AL,4.291845493562231
Calhoun,AL,1.199360341151386
Chambers,AL,3.518821603927987
Cherokee,AL,1.9877675840978593
Chilton,AL,1.7814726840855106
Choctaw,AL,3.2520325203252036
Clarke,AL,1.3513513513513513
Clay,AL,1.4354066985645932
Cleburne,AL,1.3363028953229399
Coffee,AL,0.4008016032064128
Colbert,AL,1.5245623941276116
Conecuh,AL,2.214022140221402
Coosa,AL,1.639344262295082
Covington,AL,1.8494055482166447
Crenshaw,AL,5.415162454873646
Cullman,AL,1.0494752623688157
Dale,AL,3.143418467583497
Dallas,AL,1.4309301045679692
DeKalb,AL,0.8490217792543374
Elmore,AL,1.7307026652821047
Escambia,AL,1.6167664670658684
Etowah,AL,1.2077294685990339
Fayette,AL,2.0408163265306123
Franklin,AL,1.6034206306787813
Geneva,AL,0.7843137254901961
Greene,AL,4.792332268370607
Hale,AL,4.105571847507331
Henry,AL,0.8635578583765112
Houston,AL,0.7292882147024504
Jackson,AL,0.6876790830945558
Jefferson,AL,1.7123777724779392
Lamar,AL,0.7425742574257426
Lauderdale,AL,1.9680851063829787
Lawrence,AL,3.7735849056603774
Lee,AL,1.0251481659458594
Limestone,AL,0.9599332220367278
Lowndes,AL,4.017857142857143
Macon,AL,3.5785288270377733
Madison,AL,0.9910447761194029
Marengo,AL,2.642007926023778
Marion,AL,2.857142857142857
Marshall,AL,1.1021307861866276
Mobile,AL,2.227203702364596
Monroe,AL,1.497504159733777
Montgomery,AL,2.0643461073899196
Morgan,AL,0.9293156857223317
Perry,AL,1.0968921389396709
Pickens,AL,2.1520803443328553
Pike,AL,0.9569377990430622
Randolph,AL,1.7980636237897647
Russell,AL,0.16375545851528384
St. Clair,AL,1.507338357794526
Shelby,AL,0.8619362782822841
Sumter,AL,4.740406320541761
Talladega,AL,1.3876843018213356
Tallapoosa,AL,7.018992568125516
Tuscaloosa,AL,1.3242204186245194
Walker,AL,3.569995988768552
Washington,AL,2.0408163265306123
Wilcox,AL,2.0072992700729926
Winston,AL,1.507537688442211
Aleutians East Borough,AK,0.0
Aleutians West Census Area,AK,0.0
Municipality of Anchorage,AK,0.7520284979220265
Bethel Census Area,AK,0.6666666666666667
Bristol Bay Borough,AK,
Denali Borough,AK,0.0
Dillingham Census Area,AK,0.0
Fairbanks North Star Borough,AK,0.7773851590106008
Haines Borough,AK,0.0
Hoonah-Angoon Census Area,AK,0.0
City and Borough of Juneau,AK,0.6535947712418301
Kenai Peninsula Borough,AK,0.6198347107438017
Ketchikan Gateway Borough,AK,0.0
Kodiak Island Borough,AK,0.0
Kusilvak Census Area,AK,0.0
Lake and Peninsula Borough,AK,0.0
Matanuska-Susitna Borough,AK,0.2886002886002886
Nome Census Area,AK,0.0
North Slope Borough,AK,0.0
Northwest Arctic Borough,AK,0.0
Petersburg Census Area,AK,12.5
Prince of Wales-Hyder Census Area,AK,0.0
Sitka City and Borough,AK,0.0
Skagway Municipality,AK,
Southeast Fairbanks Census Area,AK,0.0
Valdez-Cordova Census Area,AK,0.0
Wade Hampton Census Area,AK,
Wrangell City and Borough,AK,0.0
Yakutat City and Borough,AK,
Yukon-Koyukuk Census Area,AK,2.3255813953488373
Apache,AZ,4.542966611932129
Cochise,AZ,3.7687145069695407
Coconino,AZ,3.283922462941847
Gila,AZ,4.034969737726967
Graham,AZ,2.8665931642778393
Greenlee,AZ,3.3333333333333335
La Paz,AZ,2.6929982046678633
Maricopa,AZ,2.384255903690972
Mohave,AZ,5.589605295415543
Navajo,AZ,4.019758133197071
Pima,AZ,2.4030209406110536
Pinal,AZ,1.9598864364868578
Santa Cruz,AZ,2.2107081174438687
Yavapai,AZ,3.143712574850299
Yuma,AZ,2.6911741895455252
Arkansas,AR,2.0872865275142316
Ashley,AR,2.62582056892779
Baxter,AR,0.6912442396313364
Benton,AR,1.3871196036801132
Boone,AR,2.8469750889679712
Bradley,AR,2.318840579710145
Calhoun,AR,0.0
Carroll,AR,1.3819095477386936
Chicot,AR,2.1653543307086616
Clark,AR,0.9779951100244498
Clay,AR,3.0303030303030303
Cleburne,AR,3.183023872679045
Cleveland,AR,6.153846153846154
Columbia,AR,3.0252100840336134
Conway,AR,0.9868421052631579
Craighead,AR,0.8113590263691683
Crawford,AR,1.2084592145015105
Crittenden,AR,2.3517883390494854
Cross,AR,3.0120481927710845
Dallas,AR,2.8735632183908044
Desha,AR,1.7964071856287425
Drew,AR,1.881720430107527
Faulkner,AR,0.8124337689862239
Franklin,AR,0.5524861878453038
Fulton,AR,2.3474178403755865
Garland,AR,2.6557218734910673
Grant,AR,0.684931506849315
Greene,AR,1.46484375
Hempstead,AR,0.9174311926605505
Hot Spring,AR,1.3951170901843548
Howard,AR,2.3483365949119372
Independence,AR,2.048857368006304
Izard,AR,0.33003300330033003
Jackson,AR,0.42283298097251587
Jefferson,AR,2.369281045751634
Johnson,AR,0.78125
Lafayette,AR,2.272727272727273
Lawrence,AR,2.380952380952381
Lee,AR,1.6559337626494939
Lincoln,AR,0.8095238095238094
Little River,AR,7.142857142857142
Logan,AR,0.4166666666666667
Lonoke,AR,1.2408759124087592
Madison,AR,1.2987012987012987
Marion,AR,0.0
Miller,AR,1.0945273631840797
Mississippi,AR,2.9314159292035398
Monroe,AR,0.0
Montgomery,AR,4.117647058823529
Nevada,AR,5.809128630705394
Newton,AR,7.196969696969697
Ouachita,AR,2.430555555555556
Perry,AR,0.0
Phillips,AR,2.5510204081632653
Pike,AR,1.2345679012345678
Poinsett,AR,1.9659239842726082
Polk,AR,1.3245033112582782
Pope,AR,1.5437392795883362
Prairie,AR,2.2988505747126435
Pulaski,AR,1.6683119447186576
Randolph,AR,4.581673306772909
St. Francis,AR,0.5076142131979695
Saline,AR,1.0195412064570943
Scott,AR,0.7874015748031495
Searcy,AR,0.6211180124223602
Sebastian,AR,1.6313610908205503
Sevier,AR,1.556101556101556
Sharp,AR,2.6415094339622645
Stone,AR,4.289544235924933
Union,AR,4.781281790437437
Van Buren,AR,1.6666666666666667
Washington,AR,1.1994887425031953
White,AR,2.76981852913085
Woodruff,AR,0.0
Yell,AR,2.329192546583851
Grand Princess Cruise Ship,CA,0.0
Alameda,CA,2.0056522928252347
Alpine,CA,0.0
Amador,CA,6.015037593984962
Butte,CA,1.5479876160990713
Calaveras,CA,4.25531914893617
Colusa,CA,1.1090573012939002
Contra Costa,CA,1.2987756036159743
Del Norte,CA,0.5988023952095809
El Dorado,CA,0.3246753246753247
Fresno,CA,1.3966768722694278
Glenn,CA,0.4815409309791332
Humboldt,CA,1.5151515151515151
Imperial,CA,2.7089337175792507
Inyo,CA,7.462686567164178
Kern,CA,1.1820042148987508
Kings,CA,1.3071895424836601
Lake,CA,2.0100502512562812
Lassen,CA,0.0
Los Angeles,CA,2.413650799346886
Madera,CA,1.4771048744460855
Marin,CA,1.8091625328275458
Mariposa,CA,2.5974025974025974
Mendocino,CA,2.0388349514563107
Merced,CA,1.642935377875137
Modoc,CA,0.0
Mono,CA,1.1764705882352942
Monterey,CA,0.7386363636363636
Napa,CA,0.7315700619020821
Nevada,CA,1.436265709156194
Orange,CA,2.3666708950220174
Placer,CA,1.3672922252010724
Plumas,CA,0.0
Riverside,CA,2.032043767096522
Sacramento,CA,1.9002678229817624
San Benito,CA,0.9461426491994178
San Bernardino,CA,1.702707899935318
San Diego,CA,1.65568269114139
San Francisco,CA,0.9957572084163131
San Joaquin,CA,2.270981371231035
San Luis Obispo,CA,0.8125819134993446
San Mateo,CA,1.4814814814814816
Santa Barbara,CA,1.2250985405347823
Santa Clara,CA,1.5979055701002074
Santa Cruz,CA,0.744514106583072
Shasta,CA,1.8942383583267564
Sierra,CA,0.0
Siskiyou,CA,0.0
Solano,CA,1.103160405485987
Sonoma,CA,1.5588271681306447
Stanislaus,CA,2.256306999881559
Sutter,CA,0.6775832862789385
Tehama,CA,1.0526315789473684
Trinity,CA,0.0
Tulare,CA,1.609044144036368
Tuolumne,CA,1.702127659574468
Ventura,CA,1.1872353297035694
Yolo,CA,1.9191226867717615
Yuba,CA,0.8183306055646482
Adams,CO,2.284658759478903
Alamosa,CO,3.488372093023256
Arapahoe,CO,3.7518759379689848
Archuleta,CO,0.0
Baca,CO,0.0
Bent,CO,0.0
Boulder,CO,1.7215727948990436
Broomfield and City,CO,5.167597765363128
Chaffee,CO,5.714285714285714
Cheyenne,CO,0.0
Clear Creek,CO,1.9607843137254901
Conejos,CO,0.0
Costilla,CO,3.0303030303030303
Crowley,CO,1.3513513513513513
Custer,CO,0.0
Delta,CO,1.5625
Denver,CO,3.049377535319625
Dolores,CO,0.0
Douglas,CO,2.17091660923501
Eagle,CO,0.774593338497289
Elbert,CO,1.744186046511628
El Paso,CO,2.4400053626491487
Fremont,CO,0.5263157894736842
Garfield,CO,0.5050505050505051
Gilpin,CO,0.0
Grand,CO,0.9259259259259258
Gunnison,CO,2.348993288590604
Hinsdale,CO,0.0
Huerfano,CO,3.8461538461538463
Jackson,CO,0.0
Jefferson,CO,4.132362254591514
Kiowa,CO,0.0
Kit Carson,CO,3.7037037037037033
Lake,CO,0.0
La Plata,CO,0.7092198581560284
Larimer,CO,1.8739352640545146
Las Animas,CO,0.0
Lincoln,CO,0.0
Logan,CO,0.7276507276507277
Mesa,CO,0.9408602150537635
Mineral,CO,0.0
Moffat,CO,2.2222222222222223
Montezuma,CO,3.1847133757961785
Montrose,CO,3.324808184143223
Morgan,CO,6.233766233766234
Otero,CO,5.607476635514018
Ouray,CO,3.3333333333333335
Park,CO,1.694915254237288
Phillips,CO,0.0
Pitkin,CO,0.8547008547008548
Prowers,CO,0.0
Pueblo,CO,2.881619937694704
Rio Blanco,CO,0.0
Rio Grande,CO,2.0202020202020203
Routt,CO,4.790419161676647
Saguache,CO,1.7857142857142856
San Juan,CO,0.0
San Miguel,CO,0.0
Sedgwick,CO,6.666666666666667
Summit,CO,0.7920792079207921
Teller,CO,2.2222222222222223
Washington,CO,0.0
Weld,CO,3.006923837784372
Yuma,CO,0.684931506849315
Fairfield,CT,6.883725423892566
Hartford,CT,9.343008941298432
Litchfield,CT,7.359081419624217
Middlesex,CT,11.682808716707022
New Haven,CT,7.532029669588672
New London,CT,4.970178926441352
Tolland,CT,4.484605087014726
Windham,CT,1.5496809480401095
Kent,DE,3.707194470625196
New Castle,DE,2.859166150305391
Sussex,DE,2.952755905511811
Washington,DC,4.021566761814145
Alachua,FL,0.7557540364136035
Baker,FL,0.8799497171590195
Bay,FL,1.872299567930869
Bradford,FL,0.7738607050730868
Brevard,FL,3.2618825722273996
Broward,FL,1.835550919683517
Calhoun,FL,2.20125786163522
Charlotte,FL,4.45699937225361
Citrus,FL,3.864734299516908
Clay,FL,2.0434701839123166
Collier,FL,1.7724807089922836
Columbia,FL,1.5712113532691332
DeSoto,FL,1.694915254237288
Dixie,FL,1.1848341232227488
Duval,FL,1.4952380952380953
Escambia,FL,2.017794725135049
Flagler,FL,1.6930638995084655
Franklin,FL,0.60790273556231
Gadsden,FL,1.6666666666666667
Gilchrist,FL,3.065134099616858
Glades,FL,0.8665511265164645
Gulf,FL,1.6797312430011198
Hamilton,FL,0.9142857142857144
Hardee,FL,0.7686932215234101
Hendry,FL,1.9056693663649358
Hernando,FL,4.436341537526587
Highlands,FL,4.233958969882147
Hillsborough,FL,1.5718940749919683
Holmes,FL,1.1523687580025608
Indian River,FL,3.5082547169811322
Jackson,FL,2.801503245644004
Jefferson,FL,1.5625
Lafayette,FL,1.045016077170418
Lake,FL,2.5837810181632133
Lee,FL,2.2713262838446586
Leon,FL,0.8134490238611713
Levy,FL,0.9328358208955223
Liberty,FL,1.5384615384615385
Madison,FL,1.9342359767891684
Manatee,FL,2.5119316754584275
Marion,FL,3.106699751861042
Martin,FL,2.862823061630219
Miami-Dade,FL,1.9496779318562523
Monroe,FL,1.2016718913270636
Nassau,FL,2.164111812443643
Okaloosa,FL,2.3171889838556505
Okeechobee,FL,1.8472906403940887
Orange,FL,1.1907339250920113
Osceola,FL,1.3120321061974223
Palm Beach,FL,2.979484481851657
Pasco,FL,2.2378781599668462
Pinellas,FL,3.4002278503198666
Polk,FL,2.637647737100029
Putnam,FL,1.9751952227836471
St. Johns,FL,1.3527945888216448
St. Lucie,FL,3.578744427039402
Santa Rosa,FL,1.4571948998178506
Sarasota,FL,3.263676919464663
Seminole,FL,2.4617360590816655
Sumter,FL,2.892402622445044
Suwannee,FL,2.6006412540078374
Taylor,FL,1.0218978102189782
Union,FL,2.272727272727273
Volusia,FL,2.4724061810154527
Wakulla,FL,0.9337860780984719
Walton,FL,1.4180929095354522
Washington,FL,2.1739130434782608
Appling,GA,3.035878564857406
Atkinson,GA,0.8849557522123894
Bacon,GA,2.2838499184339316
Baker,GA,5.88235294117647
Baldwin,GA,2.8020211299954063
Banks,GA,1.556420233463035
Barrow,GA,2.0068317677198975
Bartow,GA,2.8867985728186834
Ben Hill,GA,3.1784841075794623
Berrien,GA,2.575107296137339
Bibb,GA,2.944489139179405
Bleckley,GA,4.740406320541761
Brantley,GA,3.072625698324022
Brooks,GA,4.914933837429111
Bryan,GA,1.086048454469507
Bulloch,GA,0.9857239972807614
Burke,GA,1.1806375442739079
Butts,GA,6.047819971870605
Calhoun,GA,3.5856573705179287
Camden,GA,1.193139448173005
Candler,GA,4.583333333333333
Carroll,GA,2.386634844868735
Catoosa,GA,1.5055467511885896
Charlton,GA,1.3996889580093312
Chatham,GA,1.9645916619074815
Chattahoochee,GA,0.05892751915144372
Chattooga,GA,2.781136638452237
Cherokee,GA,1.4782198458877183
Clarke,GA,0.8537279453614115
Clay,GA,2.479338842975207
Clayton,GA,2.263685004801756
Clinch,GA,2.770780856423174
Cobb,GA,2.153345816497487
Coffee,GA,2.535211267605634
Colquitt,GA,1.8935516888433983
Columbia,GA,1.554140127388535
Cook,GA,2.5089605734767026
Coweta,GA,1.9209456963428149
Crawford,GA,2.857142857142857
Crisp,GA,3.1719532554257093
Dade,GA,1.6666666666666667
Dawson,GA,1.056338028169014
Decatur,GA,2.6851098454027666
DeKalb,GA,1.925743336928054
Dodge,GA,2.696629213483146
Dooly,GA,4.022988505747127
Dougherty,GA,5.889724310776942
Douglas,GA,1.8612071257644243
Early,GA,6.395348837209303
Echols,GA,0.823045267489712
Effingham,GA,1.753246753246753
Elbert,GA,0.7072135785007072
Emanuel,GA,2.8495102404274264
Evans,GA,1.3761467889908259
Fannin,GA,3.6935704514363885
Fayette,GA,2.670775552131484
Floyd,GA,1.4226437462951986
Forsyth,GA,1.0899814471243041
Franklin,GA,1.7743979721166032
Fulton,GA,2.0398166614184245
Gilmer,GA,1.564245810055866
Glascock,GA,5.0
Glynn,GA,2.767579779723242
Gordon,GA,2.0533880903490758
Grady,GA,2.798053527980535
Greene,GA,4.6992481203007515
Gwinnett,GA,1.4792171743789746
Habersham,GA,4.0386803185438
Hall,GA,1.637163614038678
Hancock,GA,10.696517412935323
Haralson,GA,1.6728624535315983
Harris,GA,2.7261462205700124
Hart,GA,2.4299065420560746
Heard,GA,2.9850746268656714
Henry,GA,1.9095658439920737
Houston,GA,2.5846153846153843
Irwin,GA,2.108433734939759
Jackson,GA,1.7094017094017095
Jasper,GA,1.7467248908296942
Jeff Davis,GA,2.9729729729729732
Jefferson,GA,3.6674816625916873
Jenkins,GA,6.666666666666667
Johnson,GA,5.188679245283019
Jones,GA,2.0408163265306123
Lamar,GA,4.922279792746114
Lanier,GA,1.9933554817275747
Laurens,GA,4.4232922732362825
Lee,GA,3.6111111111111107
Liberty,GA,2.0
Lincoln,GA,3.225806451612903
Long,GA,1.5384615384615385
Lowndes,GA,2.091020910209102
Lumpkin,GA,1.4705882352941175
McDuffie,GA,2.2364217252396164
McIntosh,GA,2.356902356902357
Macon,GA,4.201680672268908
Madison,GA,1.2413793103448276
Marion,GA,4.639175257731959
Meriwether,GA,2.5
Miller,GA,0.6944444444444444
Mitchell,GA,5.408653846153847
Monroe,GA,7.5
Montgomery,GA,1.5015015015015014
Morgan,GA,0.6024096385542169
Murray,GA,0.6872852233676976
Muscogee,GA,2.792661146289982
Newton,GA,3.453453453453453
Oconee,GA,3.2953105196451205
Oglethorpe,GA,3.0136986301369864
Paulding,GA,2.0062262193012796
Peach,GA,3.6231884057971016
Pickens,GA,1.550387596899225
Pierce,GA,3.5143769968051117
Pike,GA,3.072625698324022
Polk,GA,1.3734466971877044
Pulaski,GA,6.896551724137931
Putnam,GA,3.2697547683923704
Quitman,GA,2.941176470588235
Rabun,GA,2.864583333333333
Randolph,GA,8.708708708708707
Richmond,GA,2.320217096336499
Rockdale,GA,2.0397489539748954
Schley,GA,1.8691588785046727
Screven,GA,2.564102564102564
Seminole,GA,2.4456521739130435
Spalding,GA,4.397981254506128
Stephens,GA,3.364969801553063
Stewart,GA,3.0592734225621414
Sumter,GA,6.786850477200425
Talbot,GA,3.614457831325301
Taliaferro,GA,0.0
Tattnall,GA,1.2746234067207416
Taylor,GA,5.0691244239631335
Telfair,GA,5.236907730673317
Terrell,GA,9.60960960960961
Thomas,GA,4.316546762589928
Tift,GA,3.14533622559653
Toombs,GA,3.7437005039596833
Towns,GA,2.666666666666667
Treutlen,GA,4.044117647058823
Troup,GA,3.5392088827203327
Turner,GA,7.5
Twiggs,GA,4.455445544554455
Union,GA,2.5149700598802394
Upson,GA,7.73955773955774
Walker,GA,2.3564954682779455
Walton,GA,3.1266284523189163
Ware,GA,3.9713541666666665
Warren,GA,3.125
Washington,GA,1.278409090909091
Wayne,GA,2.564102564102564
Webster,GA,4.545454545454546
Wheeler,GA,3.7249283667621778
White,GA,2.1505376344086025
Whitfield,GA,1.3141426783479349
Wilcox,GA,10.0
Wilkes,GA,2.2304832713754648
Wilkinson,GA,5.128205128205128
Worth,GA,5.328596802841918
Hawaii,HI,1.7321016166281753
Honolulu,HI,1.153715643026807
Kalawao,HI,
Kauai,HI,0.0
Maui,HI,3.022670025188917
Ada,ID,1.0934038447795327
Adams,ID,6.896551724137931
Bannock,ID,0.5681818181818182
Bear Lake,ID,2.0
Benewah,ID,1.8404907975460123
Bingham,ID,0.8802816901408451
Blaine,ID,0.8344923504867872
Boise,ID,2.73972602739726
Bonner,ID,0.0
Bonneville,ID,0.6248047485160888
Boundary,ID,1.5625
Butte,ID,0.0
Camas,ID,0.0
Canyon,ID,1.1918537375607499
Caribou,ID,1.3793103448275863
Cassia,ID,0.9090909090909091
Clark,ID,0.0
Clearwater,ID,0.0
Custer,ID,1.2987012987012987
Elmore,ID,1.0075566750629723
Franklin,ID,0.5128205128205128
Fremont,ID,1.0676156583629894
Gem,ID,1.146131805157593
Gooding,ID,0.2762430939226519
Idaho,ID,0.0
Jefferson,ID,0.4285714285714286
Jerome,ID,0.8187134502923977
Kootenai,ID,1.4463504877228388
Latah,ID,0.0
Lemhi,ID,0.0
Lewis,ID,3.8461538461538463
Lincoln,ID,0.0
Madison,ID,0.16012810248198558
Minidoka,ID,0.9685230024213075
Nez Perce,ID,4.624277456647398
Oneida,ID,0.0
Owyhee,ID,1.41643059490085
Payette,ID,0.9202453987730062
Power,ID,0.33670033670033667
Shoshone,ID,8.144796380090497
Teton,ID,0.45871559633027525
Twin Falls,ID,1.4566642388929352
Valley,ID,0.9708737864077669
Washington,ID,1.5189873417721518
Adams,IL,0.8339651250947688
Alexander,IL,1.0204081632653061
Bond,IL,2.1739130434782608
Boone,IL,1.8334606569900689
Brown,IL,0.0
Bureau,IL,1.948051948051948
Calhoun,IL,0.0
Carroll,IL,2.3166023166023164
Cass,IL,2.6128266033254155
Champaign,IL,0.5165486894968433
Christian,IL,2.941176470588235
Clark,IL,1.932367149758454
Clay,IL,0.423728813559322
Clinton,IL,1.6974169741697416
Coles,IL,2.2429906542056073
Cook,IL,3.485178583217799
Crawford,IL,1.1428571428571428
Cumberland,IL,2.2123893805309733
DeKalb,IL,2.2853957636566333
De Witt,IL,1.2658227848101267
Douglas,IL,1.9283746556473829
DuPage,IL,3.0711092186502023
Edgar,IL,6.4
Edwards,IL,0.0
Effingham,IL,0.3157894736842105
Fayette,IL,2.044989775051125
Ford,IL,4.424778761061947
Franklin,IL,0.8064516129032258
Fulton,IL,0.0
Gallatin,IL,2.380952380952381
Greene,IL,6.224066390041494
Grundy,IL,0.9174311926605505
Hamilton,IL,2.380952380952381
Hancock,IL,1.2244897959183674
Hardin,IL,0.0
Henderson,IL,0.0
Henry,IL,0.6915629322268326
Iroquois,IL,4.896907216494846
Jackson,IL,1.8085908063300677
Jasper,IL,4.464285714285714
Jefferson,IL,5.087014725568943
Jersey,IL,4.523809523809524
Jo Daviess,IL,0.641025641025641
Johnson,IL,0.0
Kane,IL,2.412249024989167
Kankakee,IL,2.7147766323024056
Kendall,IL,1.1948529411764706
Knox,IL,0.49627791563275436
Lake,IL,2.7548516618335936
LaSalle,IL,2.984293193717278
Lawrence,IL,2.1505376344086025
Lee,IL,0.211864406779661
Livingston,IL,1.9693654266958425
Logan,IL,0.4056795131845842
McDonough,IL,2.8680688336520075
McHenry,IL,2.406957928802589
McLean,IL,0.6864988558352403
Macon,IL,2.520107238605898
Macoupin,IL,1.2903225806451613
Madison,IL,2.391725921137686
Marion,IL,0.7142857142857143
Marshall,IL,0.0
Mason,IL,0.53475935828877
Massac,IL,1.5267175572519083
Menard,IL,0.7299270072992701
Mercer,IL,3.6363636363636362
Monroe,IL,3.1578947368421053
Montgomery,IL,3.1963470319634704
Morgan,IL,3.385049365303244
Moultrie,IL,1.574803149606299
Ogle,IL,0.7033997655334115
Peoria,IL,1.4523369421705836
Perry,IL,4.371584699453552
Piatt,IL,0.0
Pike,IL,1.25
Pope,IL,3.0303030303030303
Pulaski,IL,0.4975124378109453
Putnam,IL,0.0
Randolph,IL,1.2909632571996028
Richland,IL,3.272727272727273
Rock Island,IL,2.461257976298997
St. Clair,IL,2.820476660555634
Saline,IL,1.4150943396226416
Sangamon,IL,1.712450945415626
Schuyler,IL,1.5625
Scott,IL,0.0
Shelby,IL,1.4957264957264957
Stark,IL,3.389830508474576
Stephenson,IL,1.1023622047244095
Tazewell,IL,1.8858560794044668
Union,IL,3.9538714991762767
Vermilion,IL,0.529567519858782
Wabash,IL,2.3255813953488373
Warren,IL,0.8042895442359249
Washington,IL,0.4132231404958678
Wayne,IL,1.749271137026239
White,IL,0.5128205128205128
Whiteside,IL,2.2435897435897436
Will,IL,2.6252983293556085
Williamson,IL,3.616042077580539
Winnebago,IL,2.121294533587163
Woodford,IL,1.910828025477707
Adams,IN,0.7961783439490446
Allen,IN,3.182214472537053
Bartholomew,IN,4.8374306106264875
Benton,IN,0.0
Blackford,IN,1.8292682926829267
Boone,IN,4.47080291970803
Brown,IN,2.6785714285714284
Carroll,IN,4.4520547945205475
Cass,IN,0.5766458433445458
Clark,IN,2.573381584238038
Clay,IN,1.4367816091954022
Clinton,IN,2.524544179523142
Crawford,IN,1.6129032258064515
Daviess,IN,4.371584699453552
Dearborn,IN,4.054054054054054
Decatur,IN,8.450704225352112
DeKalb,IN,2.146690518783542
Delaware,IN,2.9629629629629632
Dubois,IN,1.7985611510791366
Elkhart,IN,1.6759021489390458
Fayette,IN,2.356902356902357
Floyd,IN,4.361979166666666
Fountain,IN,1.06951871657754
Franklin,IN,7.784431137724551
Fulton,IN,0.7352941176470588
Gibson,IN,1.0385756676557862
Grant,IN,2.7991602519244227
Greene,IN,8.571428571428571
Hamilton,IN,2.221392570468546
Hancock,IN,4.598825831702544
Harrison,IN,3.9877300613496933
Hendricks,IN,4.9589603283173735
Henry,IN,2.7327935222672064
Howard,IN,4.604810996563574
Huntington,IN,0.964630225080386
Jackson,IN,1.2600229095074456
Jasper,IN,0.9280742459396751
Jay,IN,0.423728813559322
Jefferson,IN,1.090909090909091
Jennings,IN,4.451038575667656
Johnson,IN,5.168453292496172
Knox,IN,1.7006802721088436
Kosciusko,IN,1.304945054945055
LaGrange,IN,1.7391304347826086
Lake,IN,3.0746450657608224
LaPorte,IN,2.7058146229130684
Lawrence,IN,5.333333333333334
Madison,IN,4.688304997424008
Marion,IN,3.6042341002536964
Marshall,IN,2.3529411764705883
Martin,IN,0.0
Miami,IN,0.8639308855291578
Monroe,IN,1.4162348877374784
Montgomery,IN,4.448742746615087
Morgan,IN,5.30209617755857
Newton,IN,6.557377049180328
Noble,IN,3.483606557377049
Ohio,IN,8.433734939759036
Orange,IN,8.441558441558442
Owen,IN,1.1235955056179776
Parke,IN,1.282051282051282
Perry,IN,5.447470817120623
Pike,IN,2.3529411764705883
Porter,IN,1.9838056680161944
Posey,IN,0.6185567010309279
Pulaski,IN,0.8403361344537815
Putnam,IN,2.1840873634945397
Randolph,IN,2.6578073089700998
Ripley,IN,2.359882005899705
Rush,IN,1.9230769230769231
St. Joseph,IN,1.8617021276595744
Scott,IN,2.89532293986637
Shelby,IN,3.0807660283097418
Spencer,IN,1.2658227848101267
Starke,IN,2.5974025974025974
Steuben,IN,1.9823788546255507
Sullivan,IN,3.296703296703297
Switzerland,IN,0.0
Tippecanoe,IN,0.47249409382382723
Tipton,IN,10.317460317460316
Union,IN,0.0
Vanderburgh,IN,0.8169573857363657
Vermillion,IN,0.6756756756756757
Vigo,IN,1.4775977121067683
Wabash,IN,2.990033222591362
Warren,IN,2.0408163265306123
Warrick,IN,3.602484472049689
Washington,IN,0.6711409395973155
Wayne,IN,1.2728719172633254
Wells,IN,1.524390243902439
White,IN,2.952755905511811
Whitley,IN,2.0710059171597637
Adair,IA,1.1764705882352942
Adams,IA,0.0
Allamakee,IA,2.8469750889679712
Appanoose,IA,1.8181818181818181
Audubon,IA,0.9009009009009009
Benton,IA,0.26455026455026454
Black Hawk,IA,2.001685630004214
Boone,IA,1.3722126929674099
Bremer,IA,1.3108614232209739
Buchanan,IA,0.303951367781155
Buena Vista,IA,0.570884871550904
Butler,IA,0.6578947368421052
Calhoun,IA,1.2875536480686696
Carroll,IA,0.6097560975609756
Cass,IA,0.975609756097561
Cedar,IA,1.0309278350515463
Cerro Gordo,IA,1.9861830742659756
Cherokee,IA,0.628930817610063
Chickasaw,IA,0.33557046979865773
Clarke,IA,1.079136690647482
Clay,IA,0.9925558312655087
Clayton,IA,0.9966777408637874
Clinton,IA,1.862348178137652
Crawford,IA,0.591715976331361
Dallas,IA,1.3364517206815905
Davis,IA,2.898550724637681
Decatur,IA,0.0
Delaware,IA,0.7434944237918215
Des Moines,IA,0.9473684210526316
Dickinson,IA,1.1456628477905073
Dubuque,IA,1.2063655030800822
Emmet,IA,3.492063492063492
Fayette,IA,0.7490636704119851
Floyd,IA,2.0618556701030926
Franklin,IA,5.013927576601671
Fremont,IA,0.0
Greene,IA,0.0
Grundy,IA,1.6064257028112447
Guthrie,IA,3.8461538461538463
Hamilton,IA,0.819672131147541
Hancock,IA,1.2987012987012987
Hardin,IA,0.6024096385542169
Harrison,IA,1.36986301369863
Henry,IA,0.5753739930955121
Howard,IA,3.431372549019608
Humboldt,IA,1.3274336283185841
Ida,IA,1.2903225806451613
Iowa,IA,0.35211267605633806
Jackson,IA,0.7109004739336493
Jasper,IA,3.6170212765957444
Jefferson,IA,0.6172839506172839
Johnson,IA,0.5219985085756897
Jones,IA,0.9090909090909091
Keokuk,IA,0.7936507936507936
Kossuth,IA,0.0
Lee,IA,1.0796221322537112
Linn,IA,2.5850640742377378
Louisa,IA,3.3112582781456954
Lucas,IA,3.6809815950920246
Lyon,IA,1.0940919037199124
Madison,IA,0.7194244604316548
Mahaska,IA,4.45859872611465
Marion,IA,1.083032490974729
Marshall,IA,1.951219512195122
Mills,IA,0.4048582995951417
Mitchell,IA,0.0
Monona,IA,0.5434782608695652
Monroe,IA,6.358381502890173
Montgomery,IA,4.23728813559322
Muscatine,IA,4.705882352941177
O'Brien,IA,1.875
Osceola,IA,0.0
Page,IA,0.0
Palo Alto,IA,0.0
Plymouth,IA,1.7345399698340875
Pocahontas,IA,1.0638297872340425
Polk,IA,1.6197477735939274
Pottawattamie,IA,1.69971671388102
Poweshiek,IA,2.73972602739726
Ringgold,IA,3.278688524590164
Sac,IA,0.3205128205128205
Scott,IA,0.8464681844716871
Shelby,IA,0.3412969283276451
Sioux,IA,0.30303030303030304
Story,IA,0.46728971962616817
Tama,IA,4.141291108404385
Taylor,IA,0.591715976331361
Union,IA,1.8867924528301887
Van Buren,IA,0.7518796992481203
Wapello,IA,4.142857142857142
Warren,IA,0.591715976331361
Washington,IA,2.0257826887661143
Wayne,IA,3.0927835051546393
Webster,IA,0.922266139657444
Winnebago,IA,3.9886039886039883
Winneshiek,IA,2.203856749311295
Woodbury,IA,1.2040351448096323
Worth,IA,0.0
Wright,IA,0.15723270440251574
Allen,KS,1.2658227848101267
Anderson,KS,0.0
Atchison,KS,1.0
Barber,KS,0.0
Barton,KS,1.2345679012345678
Bourbon,KS,1.282051282051282
Brown,KS,3.1055900621118013
Butler,KS,0.28195488721804507
Chase,KS,1.1764705882352942
Chautauqua,KS,0.0
Cherokee,KS,1.4311270125223614
Cheyenne,KS,2.564102564102564
Clark,KS,1.7857142857142856
Clay,KS,3.6363636363636362
Cloud,KS,1.3157894736842104
Coffey,KS,6.8181818181818175
Comanche,KS,0.0
Cowley,KS,1.8779342723004695
Crawford,KS,0.8396305625524769
Decatur,KS,3.3333333333333335
Dickinson,KS,0.41841004184100417
Doniphan,KS,0.0
Douglas,KS,0.554675118858954
Edwards,KS,0.0
Elk,KS,0.0
Ellis,KS,0.7887817703768624
Ellsworth,KS,0.0
Finney,KS,0.5078290308929327
Ford,KS,0.3295978905735003
Franklin,KS,0.6896551724137931
Geary,KS,0.6479481641468683
Gove,KS,0.0
Graham,KS,2.4390243902439024
Grant,KS,1.644736842105263
Gray,KS,0.0
Greeley,KS,0.0
Greenwood,KS,0.0
Hamilton,KS,0.0
Harper,KS,1.6666666666666667
Harvey,KS,2.030456852791878
Haskell,KS,0.7142857142857143
Hodgeman,KS,0.0
Jackson,KS,0.7518796992481203
Jefferson,KS,1.8181818181818181
Jewell,KS,5.88235294117647
Johnson,KS,1.3058642225646848
Kearny,KS,0.9708737864077669
Kingman,KS,0.9523809523809524
Kiowa,KS,0.0
Labette,KS,1.5151515151515151
Lane,KS,0.0
Leavenworth,KS,0.6385696040868455
Lincoln,KS,0.0
Linn,KS,0.0
Logan,KS,0.0
Lyon,KS,3.197158081705151
McPherson,KS,0.33557046979865773
Marion,KS,0.8849557522123894
Marshall,KS,0.0
Meade,KS,0.6802721088435374
Miami,KS,0.22522522522522523
Mitchell,KS,0.0
Montgomery,KS,1.1627906976744187
Morris,KS,0.0
Morton,KS,9.090909090909092
Nemaha,KS,0.6211180124223602
Neosho,KS,0.0
Ness,KS,6.9306930693069315
Norton,KS,0.0
Osage,KS,0.0
Osborne,KS,0.0
Ottawa,KS,0.0
Pawnee,KS,0.2506265664160401
Phillips,KS,5.755395683453238
Pottawatomie,KS,0.0
Pratt,KS,0.0
Rawlins,KS,0.0
Reno,KS,0.4611837048424289
Republic,KS,2.0
Rice,KS,1.0869565217391304
Riley,KS,0.46463603510583373
Rooks,KS,5.932203389830509
Rush,KS,0.0
Russell,KS,0.8264462809917356
Saline,KS,1.3969732246798603
Scott,KS,0.8130081300813009
Sedgwick,KS,0.9792686738201896
Seward,KS,0.3878116343490305
Shawnee,KS,2.0168067226890756
Sheridan,KS,0.0
Sherman,KS,0.0
Smith,KS,0.0
Stafford,KS,1.5384615384615385
Stanton,KS,2.8169014084507045
Stevens,KS,0.625
Sumner,KS,1.3574660633484164
Thomas,KS,0.0
Trego,KS,2.3255813953488373
Wabaunsee,KS,1.3888888888888888
Wallace,KS,0.0
Washington,KS,0.0
Wichita,KS,0.0
Wilson,KS,2.8169014084507045
Woodson,KS,0.0
Wyandotte,KS,1.7921626320716866
Adair,KY,5.337078651685393
Allen,KY,2.1226415094339623
Anderson,KY,0.5263157894736842
Ballard,KY,1.6666666666666667
Barren,KY,1.5439429928741093
Bath,KY,1.0638297872340425
Bell,KY,2.957486136783734
Boone,KY,1.4585764294049008
Bourbon,KY,0.43478260869565216
Boyd,KY,2.2857142857142856
Boyle,KY,0.0
Bracken,KY,0.0
Breathitt,KY,0.0
Breckinridge,KY,1.3333333333333335
Bullitt,KY,1.1869436201780417
Butler,KY,4.41988950276243
Caldwell,KY,0.0
Calloway,KY,1.2640449438202246
Campbell,KY,1.6877637130801686
Carlisle,KY,1.1627906976744187
Carroll,KY,2.4630541871921183
Carter,KY,1.2295081967213115
Casey,KY,5.30035335689046
Christian,KY,1.6778523489932886
Clark,KY,2.6455026455026456
Clay,KY,1.6901408450704223
Clinton,KY,1.36986301369863
Crittenden,KY,0.78125
Cumberland,KY,0.0
Daviess,KY,1.0365853658536586
Edmonson,KY,8.108108108108109
Elliott,KY,0.0
Estill,KY,0.0
Fayette,KY,0.8786564342119897
Fleming,KY,0.0
Floyd,KY,1.8604651162790697
Franklin,KY,1.602136181575434
Fulton,KY,1.6666666666666667
Gallatin,KY,7.920792079207921
Garrard,KY,1.530612244897959
Grant,KY,3.076923076923077
Graves,KY,3.602484472049689
Grayson,KY,3.341288782816229
Green,KY,2.797202797202797
Greenup,KY,1.0395010395010396
Hancock,KY,0.0
Hardin,KY,0.7488087134104833
Harlan,KY,2.366863905325444
Harrison,KY,0.0
Hart,KY,0.49019607843137253
Henderson,KY,0.5970149253731344
Henry,KY,0.9569377990430622
Hickman,KY,1.1494252873563218
Hopkins,KY,5.158730158730158
Jackson,KY,4.325699745547073
Jefferson,KY,1.8423332370776782
Jessamine,KY,0.0
Johnson,KY,1.1111111111111112
Kenton,KY,2.248737953189537
Knott,KY,0.4032258064516129
Knox,KY,1.5734265734265735
Larue,KY,0.6172839506172839
Laurel,KY,0.5484460694698354
Lawrence,KY,0.0
Lee,KY,0.0
Leslie,KY,0.0
Letcher,KY,0.8733624454148471
Lewis,KY,6.25
Lincoln,KY,6.557377049180328
Livingston,KY,1.0309278350515463
Logan,KY,4.801324503311259
Lyon,KY,4.819277108433735
McCracken,KY,1.2150668286755772
McCreary,KY,0.46511627906976744
McLean,KY,1.0309278350515463
Madison,KY,0.3558718861209964
Magoffin,KY,0.0
Marion,KY,3.088803088803089
Marshall,KY,1.10803324099723
Martin,KY,3.1578947368421053
Mason,KY,1.4814814814814816
Meade,KY,1.1583011583011582
Menifee,KY,1.4925373134328357
Mercer,KY,1.7793594306049825
Metcalfe,KY,1.4814814814814816
Monroe,KY,1.7777777777777777
Montgomery,KY,0.9316770186335404
Morgan,KY,0.0
Muhlenberg,KY,1.4545454545454546
Nelson,KY,0.7042253521126761
Nicholas,KY,1.639344262295082
Ohio,KY,1.7892644135188867
Oldham,KY,2.134646962233169
Owen,KY,1.9230769230769231
Owsley,KY,2.0
Pendleton,KY,0.0
Perry,KY,2.5
Pike,KY,0.5524861878453038
Powell,KY,0.0
Pulaski,KY,1.2941176470588236
Robertson,KY,7.6923076923076925
Rockcastle,KY,0.4694835680751174
Rowan,KY,0.35714285714285715
Russell,KY,2.142857142857143
Scott,KY,1.809954751131222
Shelby,KY,2.092414995640802
Simpson,KY,2.6936026936026933
Spencer,KY,0.0
Taylor,KY,2.0527859237536656
Todd,KY,3.7735849056603774
Trigg,KY,0.0
Trimble,KY,0.0
Union,KY,0.7518796992481203
Warren,KY,1.2240437158469946
Washington,KY,0.6329113924050633
Wayne,KY,0.0
Webster,KY,1.3043478260869565
Whitley,KY,0.5376344086021506
Wolfe,KY,0.0
Woodford,KY,0.0
Acadia Parish,LA,3.2846715328467155
Allen Parish,LA,2.9052876234747242
Ascension Parish,LA,2.5375453133091663
Assumption Parish,LA,3.10077519379845
Avoyelles Parish,LA,3.602484472049689
Beauregard Parish,LA,3.7900874635568513
Bienville Parish,LA,6.346153846153846
Bossier Parish,LA,3.1214528944381383
Caddo Parish,LA,4.062808828373778
Calcasieu Parish,LA,2.7108057464084947
Caldwell Parish,LA,0.9433962264150944
Cameron Parish,LA,0.8658008658008658
Catahoula Parish,LA,2.7027027027027026
Claiborne Parish,LA,4.204753199268739
Concordia Parish,LA,2.857142857142857
De Soto Parish,LA,3.715498938428875
East Baton Rouge Parish,LA,2.8840532640467686
East Carroll Parish,LA,0.9107468123861567
East Feliciana Parish,LA,4.083947816222349
Evangeline Parish,LA,2.516654330125833
Franklin Parish,LA,3.3091202582728005
Grant Parish,LA,5.964214711729622
Iberia Parish,LA,2.9860650298606504
Iberville Parish,LA,4.058782365290413
Jackson Parish,LA,3.064066852367688
Jefferson Parish,LA,3.1927341616983336
Jefferson Davis Parish,LA,3.0421216848673946
Lafayette Parish,LA,1.4802631578947367
Lafourche Parish,LA,3.2843791722296394
La Salle Parish,LA,2.277904328018223
Lincoln Parish,LA,3.2630863358259687
Livingston Parish,LA,1.935812531839022
Madison Parish,LA,0.9009009009009009
Morehouse Parish,LA,2.631578947368421
Natchitoches Parish,LA,2.08
Orleans Parish,LA,4.565183692450782
Ouachita Parish,LA,2.3106350420811017
Plaquemines Parish,LA,2.4050632911392404
Pointe Coupee Parish,LA,3.7209302325581395
Rapides Parish,LA,3.423094477407576
Red River Parish,LA,6.504065040650407
Richland Parish,LA,1.7391304347826086
Sabine Parish,LA,1.557285873192436
St. Bernard Parish,LA,2.104548540393754
St. Charles Parish,LA,3.322615219721329
St. Helena Parish,LA,0.9433962264150944
St. James Parish,LA,4.901960784313726
St. John the Baptist Parish,LA,6.487835308796007
St. Landry Parish,LA,3.757646373434314
St. Martin Parish,LA,2.8625058657907085
St. Mary Parish,LA,4.026503567787971
St. Tammany Parish,LA,3.592325486460743
Tangipahoa Parish,LA,2.5361559421504927
Tensas Parish,LA,1.2345679012345678
Terrebonne Parish,LA,3.200645508337816
Union Parish,LA,4.5142296368989205
Vermilion Parish,LA,3.1945788964181996
Vernon Parish,LA,4.775022956841139
Washington Parish,LA,3.983353151010702
Webster Parish,LA,2.0710059171597637
West Baton Rouge Parish,LA,4.525862068965517
West Carroll Parish,LA,2.824858757062147
West Feliciana Parish,LA,3.3921302578018993
Winn Parish,LA,2.941176470588235
Androscoggin,ME,1.2722646310432568
Aroostook,ME,1.9607843137254901
Cumberland,ME,2.9486099410278013
Franklin,ME,1.5625
Hancock,ME,1.8181818181818181
Kennebec,ME,4.3478260869565215
Knox,ME,2.0
Lincoln,ME,2.0
Oxford,ME,0.6622516556291391
Penobscot,ME,2.2388059701492535
Piscataquis,ME,0.0
Sagadahoc,ME,0.0
Somerset,ME,8.080808080808081
Waldo,ME,17.72151898734177
Washington,ME,0.0
York,ME,1.3513513513513513
Allegany,MD,4.563492063492063
Anne Arundel,MD,2.4025728339008703
Baltimore,MD,3.428326548103707
Calvert,MD,2.689721421709894
Caroline,MD,1.0385756676557862
Carroll,MD,6.167400881057269
Cecil,MD,3.160667251975417
Charles,MD,3.4972299168975067
Dorchester,MD,1.607717041800643
Frederick,MD,3.131572797382566
Garrett,MD,1.3157894736842104
Harford,MD,2.369816027439975
Howard,MD,2.3111612175873733
Kent,MD,7.59493670886076
Montgomery,MD,3.6577512557420686
Prince George's,MD,2.7441033074186323
Queen Anne's,MD,3.762662807525326
St. Mary's,MD,4.25531914893617
Somerset,MD,1.21580547112462
Talbot,MD,1.0273972602739725
Washington,MD,2.1287642782969884
Wicomico,MD,2.271673620769587
Worcester,MD,2.697841726618705
Baltimore City,MD,3.0068253089835824
Barnstable,MA,8.44187168355041
Berkshire,MA,6.631989596879063
Bristol,MA,6.48257129923042
Dukes,MA,0.0
Essex,MA,6.062575434035837
Franklin,MA,14.870689655172415
Hampden,MA,8.878662027163543
Hampshire,MA,9.9932478055368
Middlesex,MA,7.049684414953876
Nantucket,MA,1.5384615384615385
Norfolk,MA,8.887605215382075
Plymouth,MA,7.368121981248224
Suffolk,MA,4.336279828521568
Worcester,MA,7.244418709386863
Alcona,MI,4.081632653061225
Alger,MI,0.0
Allegan,MI,0.8018327605956471
Alpena,MI,9.655172413793103
Antrim,MI,0.0
Arenac,MI,3.896103896103896
Baraga,MI,5.769230769230769
Barry,MI,1.0126582278481013
Bay,MI,4.949587534372136
Benzie,MI,2.272727272727273
Berrien,MI,3.7163814180929093
Branch,MI,1.3119533527696794
Calhoun,MI,2.9310344827586206
Cass,MI,2.9806259314456036
Charlevoix,MI,3.4482758620689653
Cheboygan,MI,2.0408163265306123
Chippewa,MI,0.0
Clare,MI,4.6875
Clinton,MI,1.8181818181818181
Crawford,MI,3.90625
Delta,MI,1.6645326504481435
Dickinson,MI,1.5444015444015444
Eaton,MI,1.2804097311139564
Emmet,MI,2.2857142857142856
Genesee,MI,6.017080745341615
Gladwin,MI,1.680672268907563
Gogebic,MI,1.0810810810810811
Grand Traverse,MI,1.5985790408525755
Gratiot,MI,4.984423676012461
Hillsdale,MI,7.068062827225131
Houghton,MI,0.5215123859191656
Huron,MI,2.100840336134454
Ingham,MI,1.3117283950617282
Ionia,MI,1.6548463356973995
Iosco,MI,5.349794238683128
Iron,MI,3.7453183520599254
Isabella,MI,1.8796992481203008
Jackson,MI,4.0316205533596845
Kalamazoo,MI,2.756244616709733
Kalkaska,MI,4.2105263157894735
Kent,MI,1.5945330296127564
Keweenaw,MI,0.0
Lake,MI,0.0
Lapeer,MI,5.457227138643068
Leelanau,MI,0.847457627118644
Lenawee,MI,1.9780219780219779
Livingston,MI,2.0956123117223315
Luce,MI,0.0
Mackinac,MI,0.0
Macomb,MI,6.663670796687423
Manistee,MI,3.296703296703297
Marquette,MI,2.5052192066805845
Mason,MI,0.0
Mecosta,MI,1.079136690647482
Menominee,MI,0.5758157389635317
Midland,MI,1.7191977077363898
Missaukee,MI,1.4285714285714286
Monroe,MI,1.7062766605728215
Montcalm,MI,1.8181818181818181
Montmorency,MI,0.0
Muskegon,MI,4.382227632379793
Newaygo,MI,0.4608294930875576
Oakland,MI,5.622452760281585
Oceana,MI,1.1152416356877324
Ogemaw,MI,6.578947368421052
Ontonagon,MI,0.0
Osceola,MI,0.0
Oscoda,MI,2.0
Otsego,MI,6.217616580310881
Ottawa,MI,1.8067556952081696
Presque Isle,MI,3.4482758620689653
Roscommon,MI,3.6036036036036037
Saginaw,MI,4.5396825396825395
St. Clair,MI,5.357142857142857
St. Joseph,MI,1.2429378531073447
Sanilac,MI,4.45859872611465
Schoolcraft,MI,0.0
Shiawassee,MI,5.663716814159292
Tuscola,MI,6.156716417910448
Van Buren,MI,2.181818181818182
Washtenaw,MI,2.8677379480840544
Wayne,MI,8.216103782363566
Wexford,MI,2.877697841726619
Aitkin,MN,0.9259259259259258
Anoka,MN,2.0408163265306123
Becker,MN,0.5847953216374269
Beltrami,MN,0.8417508417508417
Benton,MN,0.6106870229007634
Big Stone,MN,0.0
Blue Earth,MN,0.37919826652221017
Brown,MN,0.8368200836820083
Carlton,MN,0.3067484662576687
Carver,MN,0.45307443365695793
Cass,MN,1.680672268907563
Chippewa,MN,0.7042253521126761
Chisago,MN,0.31746031746031744
Clay,MN,2.5500910746812386
Clearwater,MN,0.0
Cook,MN,0.0
Cottonwood,MN,0.0
Crow Wing,MN,2.601156069364162
Dakota,MN,1.5853658536585367
Dodge,MN,0.0
Douglas,MN,0.6396588486140725
Faribault,MN,0.0
Fillmore,MN,0.0
Freeborn,MN,0.6944444444444444
Goodhue,MN,2.088167053364269
Grant,MN,5.633802816901409
Hennepin,MN,3.2206502516664397
Houston,MN,0.0
Hubbard,MN,0.5434782608695652
Isanti,MN,0.267379679144385
Itasca,MN,3.225806451612903
Jackson,MN,0.6060606060606061
Kanabec,MN,5.960264900662252
Kandiyohi,MN,0.24793388429752067
Kittson,MN,0.0
Koochiching,MN,2.9629629629629632
Lac Qui Parle,MN,2.1505376344086025
Lake,MN,0.0
Lake of the Woods,MN,2.941176470588235
Le Sueur,MN,0.9708737864077669
Lincoln,MN,0.0
Lyon,MN,0.49504950495049505
McLeod,MN,0.5758157389635317
Mahnomen,MN,1.5625
Marshall,MN,1.6129032258064515
Martin,MN,2.4482109227871938
Meeker,MN,0.7905138339920948
Mille Lacs,MN,1.4492753623188406
Morrison,MN,0.79155672823219
Mower,MN,0.5017921146953405
Murray,MN,1.477832512315271
Nicollet,MN,2.7732463295269167
Nobles,MN,0.7905138339920948
Norman,MN,0.0
Olmsted,MN,1.0178117048346056
Otter Tail,MN,1.094890510948905
Pennington,MN,0.7142857142857143
Pine,MN,0.0
Pipestone,MN,5.136986301369863
Polk,MN,1.0638297872340425
Pope,MN,0.0
Ramsey,MN,2.7777777777777777
Red Lake,MN,2.1739130434782608
Redwood,MN,3.286384976525822
Renville,MN,4.712041884816754
Rice,MN,0.5602240896358543
Rock,MN,0.5025125628140703
Roseau,MN,0.0
St. Louis,MN,2.4987986544930325
Scott,MN,1.2048192771084338
Sherburne,MN,1.153846153846154
Sibley,MN,1.3953488372093024
Stearns,MN,0.6211180124223602
Steele,MN,0.32573289902280134
Stevens,MN,0.7692307692307693
Swift,MN,0.625
Todd,MN,0.35778175313059035
Traverse,MN,0.0
Wabasha,MN,0.0
Wadena,MN,0.0
Waseca,MN,1.0714285714285714
Washington,MN,1.3904982618771726
Watonwan,MN,0.7299270072992701
Wilkin,MN,3.4090909090909087
Winona,MN,1.7357762777242043
Wright,MN,0.4699738903394256
Yellow Medicine,MN,1.3100436681222707
Adams,MS,4.0650406504065035
Alcorn,MS,1.2600229095074456
Amite,MS,2.7472527472527473
Attala,MS,3.5868005738880915
Benton,MS,1.550387596899225
Bolivar,MS,3.8381742738589213
Calhoun,MS,2.158273381294964
Carroll,MS,3.5608308605341246
Chickasaw,MS,3.2214765100671143
Choctaw,MS,3.0927835051546393
Claiborne,MS,3.143418467583497
Clarke,MS,7.570977917981073
Clay,MS,3.1948881789137378
Coahoma,MS,2.828618968386023
Copiah,MS,2.7777777777777777
Covington,MS,2.9137529137529135
DeSoto,MS,1.1962119953480645
Forrest,MS,2.7636363636363637
Franklin,MS,1.4492753623188406
George,MS,1.7523364485981308
Greene,MS,4.0189125295508275
Grenada,MS,3.163444639718805
Hancock,MS,3.770739064856712
Harrison,MS,1.855766972046042
Hinds,MS,2.2496273207751725
Holmes,MS,5.3908355795148255
Humphreys,MS,4.18848167539267
Issaquena,MS,2.8301886792452833
Itawamba,MS,2.5052192066805845
Jackson,MS,1.8892009190707173
Jasper,MS,2.6016260162601625
Jefferson,MS,4.032258064516129
Jefferson Davis,MS,3.021978021978022
Jones,MS,3.0728376327769347
Kemper,MS,5.016722408026756
Lafayette,MS,1.7756604590731917
Lamar,MS,1.9032921810699588
Lauderdale,MS,5.9341678256838195
Lawrence,MS,3.0501089324618738
Leake,MS,3.91566265060241
Lee,MS,2.4193548387096775
Leflore,MS,5.514458641560188
Lincoln,MS,4.483925549915398
Lowndes,MS,3.5139964264443124
Madison,MS,2.6277793820386948
Marion,MS,4.581005586592179
Marshall,MS,1.9064124783362217
Monroe,MS,5.378787878787879
Montgomery,MS,4.208416833667335
Neshoba,MS,6.546546546546547
Newton,MS,3.229813664596273
Noxubee,MS,2.7777777777777777
Oktibbeha,MS,2.864721485411141
Panola,MS,2.0952380952380953
Pearl River,MS,5.4989816700611
Perry,MS,4.635761589403973
Pike,MS,4.286827747466875
Pontotoc,MS,1.3206162876008805
Prentiss,MS,2.058504875406284
Quitman,MS,1.4814814814814816
Rankin,MS,2.3519410597903088
Scott,MS,2.347024308466052
Sharkey,MS,5.223880597014925
Simpson,MS,4.270462633451958
Smith,MS,2.6690391459074734
Stone,MS,3.1630170316301705
Sunflower,MS,3.1537450722733245
Tallahatchie,MS,3.0264817150063053
Tate,MS,3.5613870665417062
Tippah,MS,2.371541501976284
Tishomingo,MS,5.327868852459016
Tunica,MS,3.326810176125244
Union,MS,2.247191011235955
Walthall,MS,4.248366013071895
Warren,MS,3.650137741046832
Washington,MS,3.6440677966101696
Wayne,MS,2.2198731501057085
Webster,MS,3.6619718309859155
Wilkinson,MS,6.070287539936102
Winston,MS,2.5773195876288657
Yalobusha,MS,3.036876355748373
Yazoo,MS,3.0247479376718607
Adair,MO,0.0
Andrew,MO,0.9523809523809524
Atchison,MO,0.0
Audrain,MO,1.0638297872340425
Barry,MO,1.090909090909091
Barton,MO,0.7142857142857143
Bates,MO,1.7857142857142856
Benton,MO,1.240694789081886
Bollinger,MO,0.2695417789757413
Boone,MO,0.22522522522522523
Buchanan,MO,1.2836970474967908
Butler,MO,0.9079118028534372
Caldwell,MO,0.8
Callaway,MO,0.3875968992248062
Camden,MO,1.4261744966442953
Cape Girardeau,MO,0.8737864077669903
Carroll,MO,1.4084507042253522
Carter,MO,2.6785714285714284
Cass,MO,1.5990159901599015
Cedar,MO,0.0
Chariton,MO,0.0
Christian,MO,0.3416856492027335
Clark,MO,0.0
Clay,MO,2.2093634928984742
Clinton,MO,0.0
Cole,MO,0.7318348144276007
Cooper,MO,0.40733197556008144
Crawford,MO,1.1286681715575622
Dade,MO,0.0
Dallas,MO,0.43103448275862066
Daviess,MO,0.628930817610063
DeKalb,MO,1.1560693641618496
Dent,MO,1.2738853503184715
Douglas,MO,1.2711864406779663
Dunklin,MO,0.8771929824561403
Franklin,MO,1.6008004002001
Gasconade,MO,13.372093023255813
Gentry,MO,6.122448979591836
Greene,MO,1.2546532469323037
Grundy,MO,1.7857142857142856
Harrison,MO,0.6944444444444444
Henry,MO,1.8726591760299627
Hickory,MO,2.2222222222222223
Holt,MO,1.1363636363636365
Howard,MO,1.0204081632653061
Howell,MO,0.3676470588235294
Iron,MO,0.0
Jackson (including other portions of Kansas City),MO,1.2478151097300447
Jasper,MO,1.240694789081886
Jefferson,MO,1.4218009478672986
Johnson,MO,0.4789272030651341
Knox,MO,1.8181818181818181
Laclede,MO,1.183431952662722
Lafayette,MO,3.0694668820678515
Lawrence,MO,1.6839378238341969
Lewis,MO,1.4492753623188406
Lincoln,MO,0.32786885245901637
Linn,MO,0.78125
Livingston,MO,0.6263048016701461
McDonald,MO,0.9777777777777777
Macon,MO,0.0
Madison,MO,0.3067484662576687
Maries,MO,0.0
Marion,MO,1.9073569482288828
Mercer,MO,0.0
Miller,MO,0.33726812816188867
Mississippi,MO,0.911854103343465
Moniteau,MO,1.3513513513513513
Monroe,MO,1.0526315789473684
Montgomery,MO,1.1111111111111112
Morgan,MO,0.437636761487965
New Madrid,MO,2.6272577996715927
Newton,MO,0.8807588075880758
Nodaway,MO,1.0510510510510511
Oregon,MO,0.0
Osage,MO,0.4424778761061947
Ozark,MO,0.6802721088435374
Pemiscot,MO,1.6891891891891893
Perry,MO,1.0204081632653061
Pettis,MO,0.9669621273166802
Phelps,MO,2.294455066921606
Pike,MO,1.5151515151515151
Platte,MO,1.3192612137203166
Polk,MO,0.6657789613848202
Pulaski,MO,0.9421265141318977
Putnam,MO,2.941176470588235
Ralls,MO,0.0
Randolph,MO,0.5181347150259068
Ray,MO,1.0416666666666665
Reynolds,MO,0.0
Ripley,MO,0.6493506493506493
St. Charles,MO,1.3765860665549439
St. Clair,MO,0.0
Ste. Genevieve,MO,0.4291845493562232
St. Francois,MO,0.6052745352356248
St. Louis,MO,3.393403323137968
Saline,MO,1.0856453558504222
Schuyler,MO,0.0
Scotland,MO,2.272727272727273
Scott,MO,1.6966067864271457
Shannon,MO,0.6493506493506493
Shelby,MO,1.2987012987012987
Stoddard,MO,2.2508038585209005
Stone,MO,1.1090573012939002
Sullivan,MO,0.0
Taney,MO,2.571230020847811
Texas,MO,0.49504950495049505
Vernon,MO,0.8368200836820083
Warren,MO,0.19880715705765406
Washington,MO,2.1653543307086616
Wayne,MO,0.0
Webster,MO,0.5875440658049353
Worth,MO,0.0
Wright,MO,0.0
City of St. Louis,MO,2.915411990145086
Beaverhead,MT,0.6024096385542169
Big Horn,MT,2.620967741935484
Blaine,MT,0.0
Broadwater,MT,0.0
Carbon,MT,0.0
Carter,MT,0.0
Cascade,MT,0.6204756980351602
Chouteau,MT,0.0
Custer,MT,1.5625
Daniels,MT,0.0
Dawson,MT,0.9615384615384616
Deer Lodge,MT,0.0
Fallon,MT,0.0
Fergus,MT,1.2048192771084338
Flathead,MT,1.1302795954788816
Gallatin,MT,0.2310803004043905
Garfield,MT,0.0
Glacier,MT,0.16638935108153077
Golden Valley,MT,0.0
Granite,MT,0.0
Hill,MT,1.7421602787456445
Jefferson,MT,0.0
Judith Basin,MT,0.0
Lake,MT,0.3048780487804878
Lewis and Clark,MT,0.7537688442211055
Liberty,MT,0.0
Lincoln,MT,1.7647058823529411
McCone,MT,0.0
Madison,MT,0.8333333333333334
Meagher,MT,5.128205128205128
Mineral,MT,0.0
Missoula,MT,0.32441200324412006
Musselshell,MT,2.7027027027027026
Park,MT,0.0
Petroleum,MT,0.0
Phillips,MT,0.0
Pondera,MT,1.0638297872340425
Powder River,MT,0.0
Powell,MT,0.0
Prairie,MT,0.0
Ravalli,MT,1.0256410256410255
Richland,MT,1.4184397163120568
Roosevelt,MT,1.5904572564612325
Rosebud,MT,2.7338129496402876
Sanders,MT,1.4285714285714286
Sheridan,MT,0.0
Silver Bow,MT,0.0
Stillwater,MT,3.0303030303030303
Sweet Grass,MT,3.8461538461538463
Teton,MT,0.0
Toole,MT,3.5502958579881656
Treasure,MT,0.0
Valley,MT,0.7518796992481203
Wheatland,MT,4.545454545454546
Wibaux,MT,0.0
Yellowstone,MT,1.797175866495507
Adams,NE,1.92
Antelope,NE,0.8849557522123894
Arthur,NE,0.0
Banner,NE,0.0
Blaine,NE,0.0
Boone,NE,0.0
Box Butte,NE,0.8333333333333334
Boyd,NE,0.0
Brown,NE,0.0
Buffalo,NE,0.4694835680751174
Burt,NE,1.0869565217391304
Butler,NE,0.6369426751592357
Cass,NE,0.7792207792207793
Cedar,NE,0.0
Chase,NE,0.0
Cherry,NE,7.4074074074074066
Cheyenne,NE,0.0
Clay,NE,0.0
Colfax,NE,0.6218905472636816
Cuming,NE,0.5
Custer,NE,3.1746031746031744
Dakota,NE,1.875532821824382
Dawes,NE,0.0
Dawson,NE,1.2533572068039391
Deuel,NE,0.0
Dixon,NE,1.5625
Dodge,NE,0.9767092411720512
Douglas,NE,1.1163734776725303
Dundy,NE,6.666666666666667
Fillmore,NE,1.639344262295082
Franklin,NE,0.0
Frontier,NE,0.0
Furnas,NE,3.571428571428571
Gage,NE,1.5923566878980893
Garden,NE,0.0
Garfield,NE,0.0
Gosper,NE,0.0
Grant,NE,0.0
Greeley,NE,0.0
Hall,NE,2.2408963585434174
Hamilton,NE,7.18562874251497
Harlan,NE,0.0
Hayes,NE,0.0
Hitchcock,NE,0.0
Holt,NE,0.7194244604316548
Hooker,NE,7.6923076923076925
Howard,NE,4.3478260869565215
Jefferson,NE,0.0
Johnson,NE,0.0
Kearney,NE,0.0
Keith,NE,0.0
Keya Paha,NE,0.0
Kimball,NE,0.0
Knox,NE,0.0
Lancaster,NE,0.36712792996328725
Lincoln,NE,0.78125
Logan,NE,0.0
Loup,NE,0.0
McPherson,NE,0.0
Madison,NE,0.7650273224043715
Merrick,NE,1.0101010101010102
Morrill,NE,0.0
Nance,NE,0.0
Nemaha,NE,0.0
Nuckolls,NE,0.0
Otoe,NE,0.4975124378109453
Pawnee,NE,0.0
Perkins,NE,29.411764705882355
Phelps,NE,0.0
Pierce,NE,6.896551724137931
Platte,NE,0.3303055326176713
Polk,NE,0.9345794392523363
Red Willow,NE,0.0
Richardson,NE,2.941176470588235
Rock,NE,2.127659574468085
Saline,NE,0.2557544757033248
Sarpy,NE,0.7637231503579952
Saunders,NE,0.7352941176470588
Scotts Bluff,NE,1.7582417582417582
Seward,NE,1.1494252873563218
Sheridan,NE,0.0
Sherman,NE,6.666666666666667
Sioux,NE,0.0
Stanton,NE,0.0
Thayer,NE,0.0
Thomas,NE,0.0
Thurston,NE,1.3888888888888888
Valley,NE,0.0
Washington,NE,1.4970059880239521
Wayne,NE,0.0
Webster,NE,0.0
Wheeler,NE,0.0
York,NE,0.8163265306122449
Churchill,NV,1.8518518518518516
Clark,NV,2.0407581181101238
Douglas,NV,0.29940119760479045
Elko,NV,0.9587727708533078
Esmeralda,NV,
Eureka,NV,0.0
Humboldt,NV,3.007518796992481
Lander,NV,1.1494252873563218
Lincoln,NV,0.0
Lyon,NV,1.7278617710583155
Mineral,NV,0.0
Nye,NV,2.846299810246679
Pershing,NV,0.0
Storey,NV,0.0
Washoe,NV,1.6332518337408315
White Pine,NV,1.2987012987012987
Carson City,NV,1.6194331983805668
Belknap,NH,2.4096385542168677
Carroll,NH,1.5384615384615385
Cheshire,NH,1.935483870967742
Coos,NH,0.0
Grafton,NH,0.6369426751592357
Hillsborough,NH,6.198952879581151
Merrimack,NH,3.8095238095238098
Rockingham,NH,4.781609195402299
Strafford,NH,2.155887230514096
Sullivan,NH,1.5873015873015872
Atlantic,NJ,5.967408767500574
Bergen,NJ,8.928960320571454
Burlington,NJ,6.758935769954314
Camden,NJ,5.988722535485126
Cape May,NJ,9.219190968955786
Cumberland,NJ,4.168837936425222
Essex,NJ,9.879753006174846
Gloucester,NJ,4.7775271683411935
Hudson,NJ,7.214143142286855
Hunterdon,NJ,8.80503144654088
Mercer,NJ,7.2495155591017895
Middlesex,NJ,7.10241382735671
Monmouth,NJ,6.887511916110582
Morris,NJ,10.308894678079643
Ocean,NJ,7.101390576481706
Passaic,NJ,6.468225357915336
Salem,NJ,7.927927927927928
Somerset,NJ,9.736886207474443
Sussex,NJ,12.636305323925592
Union,NJ,7.530037096506284
Warren,NJ,11.624745071380014
Bernalillo,NM,2.4704913532802633
Catron,NM,11.11111111111111
Chaves,NM,0.9103641456582634
Cibola,NM,4.656319290465632
Colfax,NM,2.5
Curry,NM,0.6896551724137931
De Baca,NM,0.0
Dona Ana,NM,1.5629070070330815
Eddy,NM,1.435897435897436
Grant,NM,1.4705882352941175
Guadalupe,NM,2.7777777777777777
Harding,NM,0.0
Hidalgo,NM,1.9230769230769231
Lea,NM,1.7045454545454544
Lincoln,NM,1.2295081967213115
Los Alamos,NM,0.0
Luna,NM,1.7241379310344827
McKinley,NM,5.885036496350365
Mora,NM,0.0
Otero,NM,4.513888888888888
Quay,NM,2.5974025974025974
Rio Arriba,NM,3.414634146341464
Roosevelt,NM,1.2232415902140672
Sandoval,NM,2.88659793814433
San Juan,NM,5.858350335179248
San Miguel,NM,0.0
Santa Fe,NM,0.6118881118881119
Sierra,NM,1.8518518518518516
Socorro,NM,4.761904761904762
Taos,NM,2.6490066225165565
Torrance,NM,1.1904761904761905
Union,NM,5.88235294117647
Valencia,NM,0.6339144215530903
New York City Unallocated/Probable,NY,inf
Albany,NY,3.783451245770532
Allegany,NY,3.0534351145038165
Bronx,NY,9.260122722270921
Broome,NY,3.841000446627959
Cattaraugus,NY,3.9755351681957185
Cayuga,NY,1.2658227848101267
Chautauqua,NY,0.6097560975609756
Chemung,NY,0.8187134502923977
Chenango,NY,2.247191011235955
Clinton,NY,2.824858757062147
Columbia,NY,7.6923076923076925
Cortland,NY,0.38461538461538464
Delaware,NY,3.4722222222222223
Dutchess,NY,3.0831099195710454
Erie,NY,5.320839956496277
Essex,NY,7.954545454545454
Franklin,NY,1.4084507042253522
Fulton,NY,7.977207977207977
Genesee,NY,1.6901408450704223
Greene,NY,4.032258064516129
Hamilton,NY,6.666666666666667
Herkimer,NY,2.8169014084507045
Jefferson,NY,0.5649717514124294
Kings,NY,10.361218070776738
Lewis,NY,9.25925925925926
Livingston,NY,2.7777777777777777
Madison,NY,1.782178217821782
Monroe,NY,4.116529449018366
Montgomery,NY,3.71900826446281
Nassau,NY,4.624811146550277
New York,NY,9.319353327085286
Niagara,NY,4.797843665768195
Oneida,NY,4.994007191370355
Onondaga,NY,3.8980509745127434
Ontario,NY,5.544554455445545
Orange,NY,3.2691092861655084
Orleans,NY,16.08187134502924
Oswego,NY,0.5597014925373134
Otsego,NY,1.1299435028248588
Putnam,NY,3.7747153984421806
Queens,NY,9.86412085378753
Rensselaer,NY,4.3841336116910234
Richmond,NY,6.67730452927458
Rockland,NY,3.093472711802601
St. Lawrence,NY,1.1799410029498525
Saratoga,NY,1.3368983957219251
Schenectady,NY,3.2684283727399164
Schoharie,NY,2.272727272727273
Schuyler,NY,0.0
Seneca,NY,0.8771929824561403
Steuben,NY,9.046052631578947
Suffolk,NY,4.271548436308162
Sullivan,NY,2.26576852418861
Tioga,NY,7.565789473684211
Tompkins,NY,0.0
Ulster,NY,3.585147247119078
Warren,NY,7.02576112412178
Washington,NY,4.45859872611465
Wayne,NY,0.8645533141210375
Westchester,NY,3.770610430557709
Wyoming,NY,3.4013605442176873
Yates,NY,8.955223880597014
Alamance,NC,1.3762537905295078
Alexander,NC,1.391304347826087
Alleghany,NC,0.0
Anson,NC,0.906344410876133
Ashe,NC,0.32679738562091504
Avery,NC,0.0
Beaufort,NC,2.6615969581749046
Bertie,NC,2.0344287949921753
Bladen,NC,1.859504132231405
Brunswick,NC,1.5033407572383073
Buncombe,NC,2.6170398371619656
Burke,NC,1.8598615916955017
Cabarrus,NC,1.8466573165030389
Caldwell,NC,0.9564293304994688
Camden,NC,2.380952380952381
Carteret,NC,0.5959475566150179
Caswell,NC,1.0526315789473684
Catawba,NC,1.5813686026451983
Chatham,NC,3.3503691084611016
Cherokee,NC,1.7569546120058566
Chowan,NC,0.9259259259259258
Clay,NC,2.127659574468085
Cleveland,NC,2.850449043342444
Columbus,NC,3.861788617886179
Craven,NC,2.422327540810953
Cumberland,NC,1.3348907058234607
Currituck,NC,2.0100502512562812
Dare,NC,1.0101010101010102
Davidson,NC,1.262135922330097
Davie,NC,0.967741935483871
Duplin,NC,2.131018153117601
Durham,NC,1.1936992370169826
Edgecombe,NC,3.389830508474576
Forsyth,NC,1.386481802426343
Franklin,NC,2.3574144486692017
Gaston,NC,1.6062884483937117
Gates,NC,1.948051948051948
Graham,NC,2.403846153846154
Granville,NC,2.7670171555063643
Greene,NC,0.9762900976290098
Guilford,NC,2.0295399001168843
Halifax,NC,1.9572953736654803
Harnett,NC,2.4115755627009645
Haywood,NC,4.858934169278997
Henderson,NC,2.973977695167286
Hertford,NC,4.059040590405904
Hoke,NC,1.3412816691505216
Hyde,NC,3.4482758620689653
Iredell,NC,1.0346926354230066
Jackson,NC,0.957592339261286
Johnston,NC,1.1813471502590673
Jones,NC,8.536585365853659
Lee,NC,0.8398656215005599
Lenoir,NC,3.019213174748399
Lincoln,NC,0.7940709370037057
McDowell,NC,2.6220614828209765
Macon,NC,0.3003003003003003
Madison,NC,0.8130081300813009
Martin,NC,2.819548872180451
Mecklenburg,NC,1.2148316256716618
Mitchell,NC,1.744186046511628
Montgomery,NC,3.3457249070631967
Moore,NC,1.8957345971563981
Nash,NC,1.8511662347278788
New Hanover,NC,0.7202095154954169
Northampton,NC,3.413654618473896
Onslow,NC,1.037924151696607
Orange,NC,2.039355992844365
Pamlico,NC,0.7168458781362007
Pasquotank,NC,4.296875
Pender,NC,0.7386888273314866
Perquimans,NC,1.4925373134328357
Person,NC,1.642710472279261
Pitt,NC,0.617630544637844
Polk,NC,3.2352941176470593
Randolph,NC,1.7805114923923602
Richmond,NC,1.7528483786152498
Robeson,NC,1.6666666666666667
Rockingham,NC,1.1588275391956373
Rowan,NC,2.8330155271043314
Rutherford,NC,2.6297085998578535
Sampson,NC,1.184934405416843
Scotland,NC,1.2142857142857142
Stanly,NC,2.5794564716720405
Stokes,NC,0.7619047619047619
Surry,NC,1.5851137146795313
Swain,NC,1.744186046511628
Transylvania,NC,2.5787965616045847
Tyrrell,NC,2.564102564102564
Union,NC,1.1276758409785932
Vance,NC,4.185623293903549
Wake,NC,1.3756331644894695
Warren,NC,1.891891891891892
Washington,NC,3.6036036036036037
Watauga,NC,0.17825311942959002
Wayne,NC,1.9665948275862069
Wilkes,NC,2.57542310522443
Wilson,NC,2.383888203863543
Yadkin,NC,1.1278195488721803
Yancey,NC,0.0
Adams,ND,0.0
Barnes,ND,0.38167938931297707
Benson,ND,1.866666666666667
Billings,ND,0.0
Bottineau,ND,7.43801652892562
Bowman,ND,0.0
Burke,ND,2.5
Burleigh,ND,1.285583103764922
Cass,ND,1.2826837691169217
Cavalier,ND,0.0
Dickey,ND,0.0
Divide,ND,4.761904761904762
Dunn,ND,2.054794520547945
Eddy,ND,2.6785714285714284
Emmons,ND,2.1645021645021645
Foster,ND,1.2987012987012987
Golden Valley,ND,0.0
Grand Forks,ND,0.5575467941059339
Grant,ND,2.3255813953488373
Griggs,ND,1.639344262295082
Hettinger,ND,0.0
Kidder,ND,0.0
LaMoure,ND,0.0
Logan,ND,0.0
McHenry,ND,5.3097345132743365
McIntosh,ND,2.941176470588235
McKenzie,ND,0.6451612903225806
McLean,ND,1.1764705882352942
Mercer,ND,0.45871559633027525
Morton,ND,2.695595003287311
Mountrail,ND,0.9287925696594427
Nelson,ND,0.0
Oliver,ND,0.0
Pembina,ND,0.0
Pierce,ND,0.0
Ramsey,ND,0.6493506493506493
Ransom,ND,0.0
Renville,ND,1.1764705882352942
Richland,ND,0.7326007326007326
Rolette,ND,2.9166666666666665
Sargent,ND,1.0752688172043012
Sheridan,ND,5.555555555555555
Sioux,ND,1.694915254237288
Slope,ND,0.0
Stark,ND,1.0903426791277258
Steele,ND,0.0
Stutsman,ND,0.6993006993006993
Towner,ND,0.0
Traill,ND,0.0
Walsh,ND,0.39215686274509803
Ward,ND,1.2564671101256468
Wells,ND,0.0
Williams,ND,0.6880733944954129
Adams,OH,2.4691358024691357
Allen,OH,4.387568555758683
Ashland,OH,1.5673981191222568
Ashtabula,OH,7.0588235294117645
Athens,OH,0.22002200220022
Auglaize,OH,2.2315202231520224
Belmont,OH,3.6834924965893587
Brown,OH,0.9900990099009901
Butler,OH,1.6640138908985673
Carroll,OH,4.166666666666666
Champaign,OH,0.8955223880597015
Clark,OH,2.5390625
Clermont,OH,1.7671517671517671
Clinton,OH,3.7572254335260116
Columbiana,OH,4.293559660509237
Coshocton,OH,4.365079365079365
Crawford,OH,2.0408163265306123
Cuyahoga,OH,3.657262277951933
Darke,OH,4.564315352697095
Defiance,OH,3.3333333333333335
Delaware,OH,1.0354440461967345
Erie,OH,4.990215264187866
Fairfield,OH,2.380952380952381
Fayette,OH,2.1604938271604937
Franklin,OH,2.208576113882977
Fulton,OH,0.26455026455026454
Gallia,OH,5.531914893617021
Geauga,OH,6.490066225165562
Greene,OH,2.0856820744081173
Guernsey,OH,4.166666666666666
Hamilton,OH,2.34375
Hancock,OH,1.6489988221436984
Hardin,OH,4.744525547445255
Harrison,OH,4.225352112676056
Henry,OH,4.450261780104712
Highland,OH,1.4234875444839856
Hocking,OH,5.027932960893855
Holmes,OH,2.277904328018223
Huron,OH,1.257861635220126
Jackson,OH,2.2082018927444795
Jefferson,OH,1.0526315789473684
Knox,OH,4.823151125401929
Lake,OH,3.2388663967611335
Lawrence,OH,3.0026109660574414
Licking,OH,3.1310211946050095
Logan,OH,0.8645533141210375
Lorain,OH,3.6371066612178176
Lucas,OH,4.8197492163009406
Madison,OH,1.4893617021276597
Mahoning,OH,8.504221954161642
Marion,OH,1.4925373134328357
Medina,OH,2.5883838383838382
Meigs,OH,6.282722513089005
Mercer,OH,2.131018153117601
Miami,OH,3.32541567695962
Monroe,OH,15.929203539823009
Montgomery,OH,2.0842876775080166
Morgan,OH,0.0
Morrow,OH,0.7220216606498195
Muskingum,OH,0.5059021922428331
Noble,OH,0.0
Ottawa,OH,6.0
Paulding,OH,0.0
Perry,OH,3.3846153846153846
Pickaway,OH,1.6733357584576212
Pike,OH,0.0
Portage,OH,5.041384499623777
Preble,OH,3.4693877551020407
Putnam,OH,3.80818053596615
Richland,OH,1.8165304268846505
Ross,OH,2.9750479846449136
Sandusky,OH,3.3816425120772946
Scioto,OH,1.1164274322169059
Seneca,OH,2.697495183044316
Shelby,OH,1.8469656992084433
Stark,OH,5.512542582842985
Summit,OH,4.5019989570658785
Trumbull,OH,6.529209621993128
Tuscarawas,OH,1.939864209505335
Union,OH,0.3189792663476874
Van Wert,OH,1.7142857142857144
Vinton,OH,4.838709677419355
Warren,OH,1.7281780902167545
Washington,OH,8.424908424908425
Wayne,OH,6.673209028459273
Williams,OH,1.1952191235059761
Wood,OH,3.7003197807217907
Wyandot,OH,5.579399141630901
Adair,OK,1.4858841010401187
Alfalfa,OK,0.0
Atoka,OK,0.2857142857142857
Beaver,OK,0.0
Beckham,OK,1.188707280832095
Blaine,OK,0.6756756756756757
Bryan,OK,0.441696113074205
Caddo,OK,2.2850924918389555
Canadian,OK,0.625920471281296
Carter,OK,1.4376996805111821
Cherokee,OK,0.6633499170812603
Choctaw,OK,0.5509641873278237
Cimarron,OK,0.0
Cleveland,OK,1.2028512028512028
Coal,OK,0.0
Comanche,OK,0.7069059271343121
Cotton,OK,4.0
Craig,OK,0.18148820326678766
Creek,OK,2.681992337164751
Custer,OK,0.11890606420927466
Delaware,OK,2.7455121436114043
Dewey,OK,1.3513513513513513
Ellis,OK,0.0
Garfield,OK,1.1161846778285134
Garvin,OK,1.1210762331838564
Grady,OK,0.8553654743390358
Grant,OK,1.7241379310344827
Greer,OK,6.722689075630252
Harmon,OK,0.0
Harper,OK,2.857142857142857
Haskell,OK,1.2658227848101267
Hughes,OK,1.2618296529968454
Jackson,OK,1.1198208286674132
Jefferson,OK,0.0
Johnston,OK,1.7543859649122806
Kay,OK,2.0689655172413794
Kingfisher,OK,0.468384074941452
Kiowa,OK,1.9230769230769231
Latimer,OK,1.282051282051282
Le Flore,OK,1.5706806282722512
Lincoln,OK,1.7421602787456445
Logan,OK,0.32733224222585927
Love,OK,0.4464285714285714
McClain,OK,0.6979062811565304
McCurtain,OK,2.5343953656770455
McIntosh,OK,2.088772845953003
Major,OK,1.8018018018018018
Marshall,OK,0.9950248756218906
Mayes,OK,1.423027166882277
Murray,OK,1.0471204188481675
Muskogee,OK,1.2370113805047007
Noble,OK,1.8518518518518516
Nowata,OK,2.4539877300613497
Okfuskee,OK,2.631578947368421
Oklahoma,OK,1.0133765707336846
Okmulgee,OK,0.8592910848549946
Osage,OK,1.0896898575020955
Ottawa,OK,0.7142857142857143
Pawnee,OK,1.8181818181818181
Payne,OK,0.2808988764044944
Pittsburg,OK,1.9569471624266144
Pontotoc,OK,0.576923076923077
Pottawatomie,OK,0.6610576923076923
Pushmataha,OK,1.4150943396226416
Roger Mills,OK,1.3333333333333335
Rogers,OK,2.5703200775945687
Seminole,OK,1.0416666666666665
Sequoyah,OK,1.1741682974559686
Stephens,OK,0.984251968503937
Texas,OK,0.6060606060606061
Tillman,OK,1.6666666666666667
Tulsa,OK,0.9467647695304047
Wagoner,OK,1.6109045848822798
Washington,OK,3.8210624417520966
Washita,OK,0.0
Woods,OK,0.0
Woodward,OK,0.43782837127845886
Baker,OR,1.8867924528301887
Benton,OR,1.6042780748663104
Clackamas,OR,2.4196597353497165
Clatsop,OR,0.0
Columbia,OR,0.4464285714285714
Coos,OR,0.0
Crook,OR,1.5384615384615385
Curry,OR,0.0
Deschutes,OR,1.3626834381551363
Douglas,OR,1.4545454545454546
Gilliam,OR,0.0
Grant,OR,0.0
Harney,OR,0.0
Hood River,OR,0.0
Jackson,OR,0.4576659038901602
Jefferson,OR,1.381692573402418
Josephine,OR,0.8733624454148471
Klamath,OR,0.821917808219178
Lake,OR,0.0
Lane,OR,1.1947431302270013
Lincoln,OR,2.642276422764228
Linn,OR,2.2222222222222223
Malheur,OR,1.907514450867052
Marion,OR,1.9964419845819332
Morrow,OR,1.1342155009451798
Multnomah,OR,1.8719339013684482
Polk,OR,2.6132404181184667
Sherman,OR,0.0
Tillamook,OR,0.0
Umatilla,OR,1.338432122370937
Union,OR,0.4454342984409799
Wallowa,OR,2.7777777777777777
Wasco,OR,4.15335463258786
Washington,OR,1.3208697419223736
Wheeler,OR,
Yamhill,OR,1.6587677725118484
Adams,PA,2.8384279475982535
Allegheny,PA,2.8239963364371854
Armstrong,PA,3.643724696356275
Beaver,PA,6.528189910979229
Bedford,PA,2.18978102189781
Berks,PA,5.254215135276435
Blair,PA,2.251184834123223
Bradford,PA,2.0618556701030926
Bucks,PA,6.693339100346021
Butler,PA,2.0458265139116203
Cambria,PA,0.9615384615384616
Cameron,PA,0.0
Carbon,PA,5.846774193548387
Centre,PA,0.33112582781456956
Chester,PA,5.091762108458672
Clarion,PA,1.948051948051948
Clearfield,PA,1.9830028328611897
Clinton,PA,2.690582959641256
Columbia,PA,3.640040444893832
Crawford,PA,0.8928571428571428
Cumberland,PA,3.7579306979014153
Dauphin,PA,4.446616173955534
Delaware,PA,6.336203293488256
Elk,PA,2.4691358024691357
Erie,PA,2.254335260115607
Fayette,PA,0.9356725146198831
Forest,PA,6.666666666666667
Franklin,PA,2.7733333333333334
Fulton,PA,3.508771929824561
Greene,PA,0.5025125628140703
Huntingdon,PA,1.1787819253438114
Indiana,PA,1.4234875444839856
Jefferson,PA,2.380952380952381
Juniata,PA,4.0
Lackawanna,PA,7.59493670886076
Lancaster,PA,5.4744092150575945
Lawrence,PA,3.820598006644518
Lebanon,PA,2.7373068432671084
Lehigh,PA,6.049822064056939
Luzerne,PA,4.413472706155633
Lycoming,PA,3.2218091697645597
McKean,PA,3.0303030303030303
Mercer,PA,2.8678304239401498
Mifflin,PA,0.7692307692307693
Monroe,PA,7.235421166306695
Montgomery,PA,6.974730378650712
Montour,PA,2.1459227467811157
Northampton,PA,6.459784673844206
Northumberland,PA,5.684547638110488
Perry,PA,2.307692307692308
Philadelphia,PA,5.458205067487568
Pike,PA,3.6605657237936775
Potter,PA,0.0
Schuylkill,PA,4.470938897168406
Snyder,PA,2.386634844868735
Somerset,PA,1.1494252873563218
Sullivan,PA,0.0
Susquehanna,PA,8.615384615384615
Tioga,PA,2.8846153846153846
Union,PA,1.1945392491467577
Venango,PA,0.8849557522123894
Warren,PA,2.0
Washington,PA,2.0080321285140563
Wayne,PA,4.182509505703422
Westmoreland,PA,2.126865671641791
Wyoming,PA,9.876543209876543
York,PA,3.2252015750984437
Bristol,RI,3.7209302325581395
Kent,RI,5.550049554013875
Newport,RI,0.9174311926605505
Providence,RI,4.588510898349969
Washington,RI,7.329842931937172
Abbeville,SC,2.232142857142857
Aiken,SC,1.9049753473778575
Allendale,SC,1.4634146341463417
Anderson,SC,3.821786225219702
Bamberg,SC,5.335365853658536
Barnwell,SC,2.193548387096774
Beaufort,SC,1.4922813036020584
Berkeley,SC,1.6048502139800285
Calhoun,SC,3.5269709543568464
Charleston,SC,1.6665634099498172
Cherokee,SC,3.3725490196078427
Chester,SC,2.0202020202020203
Chesterfield,SC,2.8875379939209727
Clarendon,SC,5.982142857142858
Colleton,SC,3.776978417266187
Darlington,SC,2.772727272727273
Dillon,SC,3.8161318300086733
Dorchester,SC,2.0909926470588234
Edgefield,SC,2.278177458033573
Fairfield,SC,4.579207920792079
Florence,SC,3.835669781931464
Georgetown,SC,2.240325865580448
Greenville,SC,2.092489340767465
Greenwood,SC,3.0984719864176573
Hampton,SC,3.80818053596615
Horry,SC,1.859278162595698
Jasper,SC,2.7315914489311166
Kershaw,SC,1.7657992565055762
Lancaster,SC,2.4475524475524475
Laurens,SC,3.308613804905876
Lee,SC,4.834254143646409
Lexington,SC,2.2409668890847287
McCormick,SC,2.7777777777777777
Marion,SC,3.225806451612903
Marlboro,SC,1.109989909182644
Newberry,SC,2.066115702479339
Oconee,SC,1.3779527559055118
Orangeburg,SC,3.993710691823899
Pickens,SC,1.3836840588065724
Richland,SC,1.5733717796025826
Saluda,SC,3.1563845050215207
Spartanburg,SC,2.8098951331002957
Sumter,SC,2.4946759963492546
Union,SC,2.2082018927444795
Williamsburg,SC,3.3210332103321036
York,SC,1.4700795572466274
Aurora,SD,0.0
Beadle,SD,1.2235817575083427
Bennett,SD,4.49438202247191
Bon Homme,SD,0.8
Brookings,SD,0.2288329519450801
Brown,SD,0.2803083391730904
Brule,SD,0.625
Buffalo,SD,1.8292682926829267
Butte,SD,2.013422818791946
Campbell,SD,0.0
Charles Mix,SD,0.0
Clark,SD,0.0
Clay,SD,1.155115511551155
Codington,SD,0.8547008547008548
Corson,SD,0.9174311926605505
Custer,SD,1.4492753623188406
Davison,SD,0.6329113924050633
Day,SD,0.0
Deuel,SD,0.0
Dewey,SD,0.0
Douglas,SD,0.8695652173913043
Edmunds,SD,0.0
Fall River,SD,4.098360655737705
Faulk,SD,0.9174311926605505
Grant,SD,0.5076142131979695
Gregory,SD,4.635761589403973
Haakon,SD,2.7027027027027026
Hamlin,SD,0.0
Hand,SD,1.4705882352941175
Hanson,SD,2.0
Harding,SD,0.0
Hughes,SD,0.8389261744966443
Hutchinson,SD,1.4184397163120568
Hyde,SD,0.0
Jackson,SD,2.1739130434782608
Jerauld,SD,2.73972602739726
Jones,SD,0.0
Kingsbury,SD,0.0
Lake,SD,3.4934497816593884
Lawrence,SD,0.9523809523809524
Lincoln,SD,0.3546099290780142
Lyman,SD,2.0100502512562812
McCook,SD,0.7194244604316548
McPherson,SD,0.0
Marshall,SD,0.0
Meade,SD,0.8968609865470852
Mellette,SD,0.0
Miner,SD,0.0
Minnehaha,SD,1.152317880794702
Moody,SD,0.0
Oglala Lakota,SD,1.1142061281337048
Pennington,SD,1.3351591920575145
Perkins,SD,0.0
Potter,SD,0.0
Roberts,SD,0.4098360655737705
Sanborn,SD,0.0
Spink,SD,0.0
Stanley,SD,0.0
Sully,SD,0.0
Todd,SD,2.4875621890547266
Tripp,SD,0.5102040816326531
Turner,SD,2.8000000000000003
Union,SD,1.9455252918287937
Walworth,SD,0.6578947368421052
Yankton,SD,0.7984031936127743
Ziebach,SD,1.4285714285714286
Anderson,TN,0.962962962962963
Bedford,TN,1.32404181184669
Benton,TN,2.5423728813559325
Bledsoe,TN,0.4530011325028313
Blount,TN,1.0101010101010102
Bradley,TN,0.5999368487527629
Campbell,TN,0.6504065040650406
Cannon,TN,0.5882352941176471
Carroll,TN,2.2571148184494603
Carter,TN,2.44672454617206
Cheatham,TN,1.1441647597254003
Chester,TN,1.9230769230769231
Claiborne,TN,1.070663811563169
Clay,TN,2.135231316725979
Cocke,TN,1.3157894736842104
Coffee,TN,1.1310711909514306
Crockett,TN,3.079416531604538
Cumberland,TN,1.6140865737344092
Davidson,TN,1.1489285071132722
Decatur,TN,1.7094017094017095
DeKalb,TN,2.7732463295269167
Dickson,TN,1.2116892373485388
Dyer,TN,1.2195121951219512
Fayette,TN,1.7164179104477613
Fentress,TN,0.6944444444444444
Franklin,TN,1.1111111111111112
Gibson,TN,1.4621409921671018
Giles,TN,2.975420439844761
Grainger,TN,0.8830022075055187
Greene,TN,3.7854889589905363
Grundy,TN,1.9417475728155338
Hamblen,TN,1.6548463356973995
Hamilton,TN,0.9853658536585366
Hancock,TN,2.727272727272727
Hardeman,TN,1.6877637130801686
Hardin,TN,1.4744145706851692
Hawkins,TN,2.386117136659436
Haywood,TN,2.1447721179624666
Henderson,TN,1.8764659890539486
Henry,TN,1.4641288433382138
Hickman,TN,1.7518248175182483
Houston,TN,3.91566265060241
Humphreys,TN,0.9345794392523363
Jackson,TN,1.3404825737265416
Jefferson,TN,1.244167962674961
Johnson,TN,0.39643211100099107
Knox,TN,0.7889925911671317
Lake,TN,0.3188097768331562
Lauderdale,TN,1.4234875444839856
Lawrence,TN,1.3266998341625207
Lewis,TN,0.3875968992248062
Lincoln,TN,0.14306151645207438
Loudon,TN,0.5843681519357196
McMinn,TN,2.292490118577075
McNairy,TN,2.0812685827552033
Macon,TN,1.8981880931837791
Madison,TN,2.215477996965099
Marion,TN,1.490066225165563
Marshall,TN,0.572737686139748
Maury,TN,1.1711371363808085
Meigs,TN,1.2
Monroe,TN,1.7933390264730997
Montgomery,TN,1.3888888888888888
Moore,TN,0.4830917874396135
Morgan,TN,1.1267605633802817
Obion,TN,1.1111111111111112
Overton,TN,0.8658008658008658
Perry,TN,0.6024096385542169
Pickett,TN,1.675977653631285
Polk,TN,2.73972602739726
Putnam,TN,1.3564839934888768
Rhea,TN,1.7222820236813776
Roane,TN,0.594059405940594
Robertson,TN,1.6652433817250214
Rutherford,TN,1.0051751592356688
Scott,TN,1.1363636363636365
Sequatchie,TN,0.38167938931297707
Sevier,TN,0.6650332516625832
Shelby,TN,1.6232961586121437
Smith,TN,1.440576230492197
Stewart,TN,1.532567049808429
Sullivan,TN,1.387787470261697
Sumner,TN,2.011994583091507
Tipton,TN,1.1071967790639154
Trousdale,TN,0.4112808460634548
Unicoi,TN,0.33333333333333337
Union,TN,0.4576659038901602
Van Buren,TN,0.5747126436781609
Warren,TN,0.7627118644067797
Washington,TN,1.505791505791506
Wayne,TN,0.3901170351105332
Weakley,TN,1.6541353383458646
White,TN,1.0384215991692627
Williamson,TN,0.7200411452082977
Wilson,TN,1.3306038894575232
Anderson,TX,1.2946116165150454
Andrews,TX,2.0964360587002098
Angelina,TX,3.8548752834467117
Aransas,TX,5.3731343283582085
Archer,TX,1.1235955056179776
Armstrong,TX,6.666666666666667
Atascosa,TX,2.7485852869846403
Austin,TX,1.7892644135188867
Bailey,TX,2.127659574468085
Bandera,TX,4.545454545454546
Bastrop,TX,1.5898251192368837
Baylor,TX,5.714285714285714
Bee,TX,1.9715224534501645
Bell,TX,1.6002783092711774
Bexar,TX,2.2706201641858974
Blanco,TX,3.3557046979865772
Borden,TX,0.0
Bosque,TX,1.9283746556473829
Bowie,TX,4.050464807436919
Brazoria,TX,1.479770763835429
Brazos,TX,0.9567265234030027
Brewster,TX,1.7937219730941705
Briscoe,TX,6.666666666666667
Brooks,TX,6.990881458966565
Brown,TX,4.1806020066889635
Burleson,TX,1.643835616438356
Burnet,TX,1.5286624203821657
Caldwell,TX,2.1937842778793417
Calhoun,TX,0.9334889148191364
Callahan,TX,4.081632653061225
Cameron,TX,4.068837289747914
Camp,TX,3.2520325203252036
Carson,TX,0.0
Cass,TX,4.1871921182266005
Castro,TX,1.9011406844106464
Chambers,TX,0.5637773079633545
Cherokee,TX,1.9011406844106464
Childress,TX,0.0
Clay,TX,2.3255813953488373
Cochran,TX,1.4925373134328357
Coke,TX,5.555555555555555
Coleman,TX,4.938271604938271
Collin,TX,1.011115995729448
Collingsworth,TX,0.0
Colorado,TX,0.8146639511201629
Comal,TX,3.723788864786696
Comanche,TX,1.2232415902140672
Concho,TX,1.4492753623188406
Cooke,TX,1.4644351464435146
Coryell,TX,0.6437768240343348
Cottle,TX,9.375
Crane,TX,2.7777777777777777
Crockett,TX,4.242424242424243
Crosby,TX,3.296703296703297
Culberson,TX,3.4482758620689653
Dallam,TX,3.5211267605633805
Dallas,TX,1.3685550604710375
Dawson,TX,1.76678445229682
Deaf Smith,TX,2.3655913978494625
Delta,TX,0.0
Denton,TX,1.2494069270915704
DeWitt,TX,4.054054054054054
Dickens,TX,4.0
Dimmit,TX,2.6217228464419478
Donley,TX,1.4084507042253522
Duval,TX,3.68763557483731
Eastland,TX,1.9900497512437811
Ector,TX,2.7472527472527473
Edwards,TX,2.941176470588235
Ellis,TX,1.5432098765432098
El Paso,TX,2.0245467017686973
Erath,TX,1.4270032930845227
Falls,TX,0.8787346221441126
Fannin,TX,2.1246458923512748
Fayette,TX,4.233870967741935
Fisher,TX,4.285714285714286
Floyd,TX,7.894736842105263
Foard,TX,0.0
Fort Bend,TX,1.7661497934502783
Franklin,TX,3.6809815950920246
Freestone,TX,0.7042253521126761
Frio,TX,0.9045226130653266
Gaines,TX,2.444987775061125
Galveston,TX,1.3922875706691418
Garza,TX,3.7383177570093453
Gillespie,TX,2.9850746268656714
Glasscock,TX,0.0
Goliad,TX,3.8461538461538463
Gonzales,TX,1.680672268907563
Gray,TX,2.0289855072463765
Grayson,TX,2.457002457002457
Gregg,TX,3.243704652155356
Grimes,TX,2.989130434782609
Guadalupe,TX,2.091152815013405
Hale,TX,2.814814814814815
Hall,TX,2.857142857142857
Hamilton,TX,2.4242424242424243
Hansford,TX,3.508771929824561
Hardeman,TX,2.631578947368421
Hardin,TX,2.347762289068232
Harris,TX,1.7785185482683374
Harrison,TX,3.397027600849257
Hartley,TX,0.0
Haskell,TX,4.166666666666666
Hays,TX,1.1318242343541944
Hemphill,TX,0.0
Henderson,TX,2.3696682464454977
Hidalgo,TX,4.800411896541281
Hill,TX,2.071823204419889
Hockley,TX,2.295918367346939
Hood,TX,3.081510934393638
Hopkins,TX,4.295942720763723
Houston,TX,2.842377260981912
Howard,TX,1.7616580310880827
Hudspeth,TX,4.6875
Hunt,TX,2.2962112514351323
Hutchinson,TX,2.380952380952381
Irion,TX,0.0
Jack,TX,2.083333333333333
Jackson,TX,2.5518341307814993
Jasper,TX,6.048387096774194
Jeff Davis,TX,0.0
Jefferson,TX,1.779956146007997
Jim Hogg,TX,2.127659574468085
Jim Wells,TX,2.5957170668397147
Johnson,TX,1.6891891891891893
Jones,TX,0.0
Karnes,TX,1.7970401691331923
Kaufman,TX,1.5081563558017852
Kendall,TX,2.6954177897574128
Kenedy,TX,28.57142857142857
Kent,TX,0.0
Kerr,TX,2.0537124802527646
Kimble,TX,5.88235294117647
King,TX,
Kinney,TX,1.7241379310344827
Kleberg,TX,4.58984375
Knox,TX,7.476635514018691
Lamar,TX,2.8337061894108873
Lamb,TX,6.497175141242938
Lampasas,TX,3.2846715328467155
La Salle,TX,3.6111111111111107
Lavaca,TX,3.4782608695652173
Lee,TX,6.008583690987124
Leon,TX,2.9629629629629632
Liberty,TX,2.244718309859155
Limestone,TX,2.479338842975207
Lipscomb,TX,2.0
Live Oak,TX,2.406417112299465
Llano,TX,1.3986013986013985
Loving,TX,
Lubbock,TX,1.0328997704667175
Lynn,TX,4.3478260869565215
McCulloch,TX,2.3255813953488373
McLennan,TX,1.3079394217530977
McMullen,TX,4.166666666666666
Madison,TX,0.8163265306122449
Marion,TX,8.974358974358974
Martin,TX,7.59493670886076
Mason,TX,2.5316455696202533
Matagorda,TX,4.681647940074907
Maverick,TX,3.5174570088587807
Medina,TX,3.8678485092667207
Menard,TX,0.0
Midland,TX,1.685254027261462
Milam,TX,1.348747591522158
Mills,TX,0.0
Mitchell,TX,1.8867924528301887
Montague,TX,2.0
Montgomery,TX,1.4089406853365802
Moore,TX,1.8196856906534327
Morris,TX,2.0618556701030926
Motley,TX,0.0
Nacogdoches,TX,3.90625
Navarro,TX,2.086438152011923
Newton,TX,6.951871657754011
Nolan,TX,1.718213058419244
Nueces,TX,2.451959071624657
Ochiltree,TX,2.9585798816568047
Oldham,TX,4.761904761904762
Orange,TX,2.1760633036597428
Palo Pinto,TX,2.568218298555377
Panola,TX,6.265060240963856
Parker,TX,1.8129770992366412
Parmer,TX,2.6548672566371683
Pecos,TX,1.240694789081886
Polk,TX,2.853881278538813
Potter,TX,1.0703604596253737
Presidio,TX,7.216494845360824
Rains,TX,6.578947368421052
Randall,TX,1.3513513513513513
Reagan,TX,6.666666666666667
Real,TX,6.666666666666667
Red River,TX,8.284023668639055
Reeves,TX,2.7777777777777777
Refugio,TX,4.516129032258064
Roberts,TX,0.0
Robertson,TX,1.1730205278592376
Rockwall,TX,1.7523364485981308
Runnels,TX,3.1578947368421053
Rusk,TX,2.0
Sabine,TX,9.75609756097561
San Augustine,TX,7.246376811594203
San Jacinto,TX,4.824561403508771
San Patricio,TX,5.129913391072619
San Saba,TX,0.0
Schleicher,TX,3.7735849056603774
Scurry,TX,0.9345794392523363
Shackelford,TX,0.0
Shelby,TX,5.142857142857142
Sherman,TX,1.5151515151515151
Smith,TX,2.8133634765134388
Somervell,TX,3.3112582781456954
Starr,TX,4.972693302673182
Stephens,TX,2.7586206896551726
Sterling,TX,0.0
Stonewall,TX,6.25
Sutton,TX,3.5294117647058822
Swisher,TX,2.6548672566371683
Tarrant,TX,1.5281310407976396
Taylor,TX,3.792667509481669
Terrell,TX,0.0
Terry,TX,1.238390092879257
Throckmorton,TX,15.384615384615385
Titus,TX,2.069425901201602
Tom Green,TX,3.0084745762711864
Travis,TX,1.4368103477014367
Trinity,TX,3.5175879396984926
Tyler,TX,1.694915254237288
Upshur,TX,2.644230769230769
Upton,TX,8.0
Uvalde,TX,4.472049689440994
Val Verde,TX,5.136084284460052
Van Zandt,TX,3.273322422258593
Victoria,TX,2.3295316670710995
Walker,TX,1.523109243697479
Waller,TX,1.6198704103671708
Ward,TX,0.7142857142857143
Washington,TX,7.328244274809161
Webb,TX,2.0418152576742883
Wharton,TX,3.945480631276901
Wheeler,TX,0.0
Wichita,TX,1.1803588290840417
Wilbarger,TX,0.8547008547008548
Willacy,TX,4.451772464962902
Williamson,TX,1.6325151992794416
Wilson,TX,2.907580477673936
Winkler,TX,3.3057851239669422
Wise,TX,1.7478152309612984
Wood,TX,5.114638447971781
Yoakum,TX,1.8656716417910446
Young,TX,1.5544041450777202
Zapata,TX,1.7595307917888565
Zavala,TX,3.99002493765586
Beaver,UT,0.0
Box Elder,UT,0.764525993883792
Cache,UT,0.22082018927444794
Carbon,UT,0.0
Daggett,UT,0.0
Davis,UT,0.5622622788159418
Duchesne,UT,0.9009009009009009
Emery,UT,3.7037037037037033
Garfield,UT,3.389830508474576
Grand,UT,1.3333333333333335
Iron,UT,0.36809815950920244
Juab,UT,1.1560693641618496
Kane,UT,1.1494252873563218
Millard,UT,0.48543689320388345
Morgan,UT,0.0
Piute,UT,0.0
Rich,UT,0.0
Salt Lake,UT,0.7647590021447116
San Juan,UT,4.067321178120617
Sanpete,UT,0.7722007722007722
Sevier,UT,0.6535947712418301
Summit,UT,0.08992805755395684
Tooele,UT,0.10070493454179255
Uintah,UT,0.7633587786259541
Utah,UT,0.29986369831894594
Wasatch,UT,0.9142857142857144
Washington,UT,0.8977149075081612
Wayne,UT,0.0
Weber,UT,0.6711409395973155
Addison,VT,1.8018018018018018
Bennington,VT,0.7936507936507936
Caledonia,VT,0.0
Chittenden,VT,4.5191193511008105
Essex,VT,0.0
Franklin,VT,5.343511450381679
Grand Isle,VT,0.0
Lamoille,VT,1.694915254237288
Orange,VT,0.0
Orleans,VT,0.0
Rutland,VT,0.7633587786259541
Washington,VT,2.4691358024691357
Windham,VT,2.3255813953488373
Windsor,VT,2.0618556701030926
Accomack,VA,1.5993265993265993
Albemarle,VA,1.5613910574875798
Alleghany,VA,4.938271604938271
Amelia,VA,3.90625
Amherst,VA,0.8988764044943821
Appomattox,VA,1.7167381974248928
Arlington,VA,3.6786060019361084
Augusta,VA,1.2727272727272727
Bath,VA,0.0
Bedford,VA,1.6722408026755853
Bland,VA,7.8125
Botetourt,VA,3.4055727554179565
Brunswick,VA,1.3020833333333335
Buchanan,VA,1.0204081632653061
Buckingham,VA,1.276595744680851
Campbell,VA,0.7692307692307693
Caroline,VA,1.3477088948787064
Carroll,VA,4.789272030651341
Charles City,VA,5.747126436781609
Charlotte,VA,0.0
Chesterfield,VA,1.5639961698052984
Clarke,VA,1.0
Craig,VA,0.0
Culpeper,VA,1.4586709886547813
Cumberland,VA,1.834862385321101
Dickenson,VA,0.9259259259259258
Dinwiddie,VA,2.5821596244131455
Essex,VA,1.092896174863388
Fairfax,VA,2.7505547337278107
Fauquier,VA,2.532928064842958
Floyd,VA,6.422018348623854
Fluvanna,VA,2.3255813953488373
Franklin,VA,0.8714596949891068
Frederick,VA,1.3388259526261586
Giles,VA,0.0
Gloucester,VA,0.7220216606498195
Goochland,VA,2.413793103448276
Grayson,VA,5.182926829268292
Greene,VA,1.2295081967213115
Greensville,VA,1.354679802955665
Halifax,VA,1.7766497461928936
Hanover,VA,2.824858757062147
Henrico,VA,3.887612652412087
Henry,VA,2.368421052631579
Highland,VA,0.0
Isle of Wight,VA,2.5380710659898478
James City,VA,2.3917995444191344
King and Queen,VA,1.282051282051282
King George,VA,1.6
King William,VA,1.1560693641618496
Lancaster,VA,0.0
Lee,VA,2.258064516129032
Loudoun,VA,1.7862165963431784
Louisa,VA,2.19435736677116
Lunenburg,VA,2.4193548387096775
Madison,VA,2.564102564102564
Matthews,VA,0.0
Mecklenburg,VA,4.171779141104294
Middlesex,VA,8.396946564885496
Montgomery,VA,0.22563176895306858
Nelson,VA,1.8018018018018018
New Kent,VA,1.2605042016806722
Northampton,VA,9.967845659163988
Northumberland,VA,3.1914893617021276
Nottoway,VA,6.825938566552901
Orange,VA,1.4326647564469914
Page,VA,6.872037914691943
Patrick,VA,9.027777777777777
Pittsylvania,VA,0.985663082437276
Powhatan,VA,2.083333333333333
Prince Edward,VA,1.9017432646592711
Prince George,VA,0.5688282138794084
Prince William,VA,1.6334078126203868
Pulaski,VA,2.0325203252032518
Rappahannock,VA,2.9850746268656714
Richmond,VA,1.1267605633802817
Roanoke,VA,0.7714561234329798
Rockbridge,VA,1.5267175572519083
Rockingham,VA,1.3959390862944163
Russell,VA,1.8867924528301887
Scott,VA,1.9047619047619049
Shenandoah,VA,6.9493521790341575
Smyth,VA,3.5650623885918007
Southampton,VA,3.620474406991261
Spotsylvania,VA,2.074875958502481
Stafford,VA,0.8538899430740038
Surry,VA,2.3255813953488373
Sussex,VA,1.89873417721519
Tazewell,VA,0.5586592178770949
Warren,VA,2.569593147751606
Washington,VA,3.065693430656934
Westmoreland,VA,1.4184397163120568
Wise,VA,1.9396551724137931
Wythe,VA,1.4545454545454546
York,VA,1.5789473684210527
Alexandria City,VA,1.8429689472355466
Bristol city,VA,3.5175879396984926
Buena Vista city,VA,1.0101010101010102
Charlottesville City,VA,2.1111893033075297
Chesapeake City,VA,1.6161168917423068
Colonial Heights city,VA,9.558823529411764
Covington city,VA,0.0
Danville City,VA,3.3630069238377844
Emporia city,VA,9.811320754716983
Fairfax city,VA,5.673758865248227
Falls Church city,VA,9.722222222222223
Franklin city,VA,2.2573363431151243
Fredericksburg City,VA,0.8928571428571428
Galax city,VA,7.1258907363420425
Hampton city,VA,1.40405616224649
Harrisonburg City,VA,1.257183908045977
Hopewell city,VA,1.6203703703703702
Lexington city,VA,0.6756756756756757
Lynchburg city,VA,1.1779293242405457
Manassas City,VA,1.2182741116751268
Manassas Park city,VA,1.288244766505636
Martinsville city,VA,5.476190476190476
Newport News City,VA,1.709103592605511
Norfolk City,VA,1.5812650120096077
Norton city,VA,0.0
Petersburg city,VA,3.6848792884371027
Poquoson city,VA,2.5974025974025974
Portsmouth City,VA,2.3755656108597285
Radford city,VA,0.2621231979030144
Richmond City,VA,1.2812564579458567
Roanoke city,VA,1.582591493570722
Salem city,VA,1.8292682926829267
Staunton city,VA,0.0
Suffolk City,VA,3.5582255083179297
Virginia Beach City,VA,1.3209121245828699
Waynesboro city,VA,0.9523809523809524
Williamsburg City,VA,3.9603960396039604
Winchester city,VA,0.7619047619047619
Adams,WA,1.1376564277588168
Asotin,WA,3.546099290780142
Benton,WA,2.769618128409568
Chelan,WA,0.8443271767810026
Clallam,WA,0.4149377593360996
Clark,WA,1.9161344071091362
Columbia,WA,7.142857142857142
Cowlitz,WA,0.9790209790209791
Douglas,WA,0.7518796992481203
Ferry,WA,0.0
Franklin,WA,1.4821468672804852
Garfield,WA,0.0
Grant,WA,0.7457846952010376
Grays Harbor,WA,1.9748653500897666
Island,WA,3.6923076923076925
Jefferson,WA,0.0
King,WA,3.3210175393893064
Kitsap,WA,1.1967090501121915
Kittitas,WA,3.8327526132404177
Klickitat,WA,1.4925373134328357
Lewis,WA,1.155115511551155
Lincoln,WA,1.5625
Mason,WA,1.7699115044247788
Okanogan,WA,0.9363295880149813
Pacific,WA,3.296703296703297
Pend Oreille,WA,0.0
Pierce,WA,2.4418877670814747
San Juan,WA,0.0
Skagit,WA,1.9097222222222223
Skamania,WA,1.5384615384615385
Snohomish,WA,2.9644808743169397
Spokane,WA,2.311308435622878
Stevens,WA,1.4492753623188406
Thurston,WA,1.6090104585679808
Wahkiakum,WA,0.0
Walla Walla,WA,0.6362672322375398
Whatcom,WA,3.3333333333333335
Whitman,WA,0.0
Yakima,WA,2.2798196948682388
Barbour,WV,0.847457627118644
Berkeley,WV,1.3781223083548666
Boone,WV,0.7604562737642585
Braxton,WV,0.0
Brooke,WV,0.8
Cabell,WV,1.2752391073326248
Calhoun,WV,0.0
Clay,WV,4.545454545454546
Doddridge,WV,2.564102564102564
Fayette,WV,2.3880597014925375
Gilmer,WV,0.0
Grant,WV,4.242424242424243
Greenbrier,WV,2.158273381294964
Hampshire,WV,0.8928571428571428
Hancock,WV,0.0
Hardy,WV,1.0526315789473684
Harrison,WV,2.05761316872428
Jackson,WV,7.516339869281046
Jefferson,WV,0.8565310492505354
Kanawha,WV,3.006012024048096
Lewis,WV,4.651162790697675
Lincoln,WV,1.0362694300518136
Logan,WV,6.185567010309279
McDowell,WV,0.0
Marion,WV,1.282051282051282
Marshall,WV,0.5319148936170213
Mason,WV,3.9473684210526314
Mercer,WV,6.292134831460674
Mineral,WV,2.2222222222222223
Mingo,WV,2.386634844868735
Monongalia,WV,0.23540489642184556
Monroe,WV,5.095541401273886
Morgan,WV,0.0
Nicholas,WV,2.3255813953488373
Ohio,WV,1.7676767676767675
Pendleton,WV,1.8518518518518516
Pleasants,WV,15.0
Pocahontas,WV,0.0
Preston,WV,2.4242424242424243
Putnam,WV,1.5197568389057752
Raleigh,WV,1.376936316695353
Randolph,WV,0.35211267605633806
Ritchie,WV,0.0
Roane,WV,3.278688524590164
Summers,WV,0.0
Taylor,WV,5.298013245033113
Tucker,WV,0.0
Tyler,WV,0.0
Upshur,WV,0.0
Wayne,WV,2.3529411764705883
Webster,WV,0.0
Wetzel,WV,0.0
Wirt,WV,0.0
Wood,WV,1.5151515151515151
Wyoming,WV,3.787878787878788
Adams,WI,1.3157894736842104
Ashland,WI,1.092896174863388
Barron,WI,1.0362694300518136
Bayfield,WI,0.7092198581560284
Brown,WI,0.6321889542541048
Buffalo,WI,1.183431952662722
Burnett,WI,1.5873015873015872
Calumet,WI,0.33726812816188867
Chippewa,WI,0.0
Clark,WI,1.62748643761302
Columbia,WI,0.2881844380403458
Crawford,WI,0.0
Dane,WI,0.3798922166269105
Dodge,WI,0.7844756399669695
Door,WI,0.6160164271047228
Douglas,WI,0.0
Dunn,WI,0.13280212483399734
Eau Claire,WI,0.3499562554680665
Florence,WI,1.6528925619834711
Fond du Lac,WI,0.5054151624548736
Forest,WI,1.9444444444444444
Grant,WI,1.4042867701404287
Green,WI,0.44776119402985076
Green Lake,WI,0.0
Iowa,WI,0.0
Iron,WI,0.6329113924050633
Jackson,WI,0.5025125628140703
Jefferson,WI,0.4373974849644614
Juneau,WI,0.411522633744856
Kenosha,WI,1.5755329008341055
Kewaunee,WI,0.2574002574002574
La Crosse,WI,0.2230275996654586
Lafayette,WI,0.0
Langlade,WI,0.554016620498615
Lincoln,WI,0.7731958762886598
Manitowoc,WI,0.29120559114735
Marathon,WI,1.0371650821089022
Marinette,WI,0.728744939271255
Marquette,WI,0.26455026455026454
Menominee,WI,0.0
Milwaukee,WI,1.6494597116455467
Monroe,WI,0.41379310344827586
Oconto,WI,0.2766251728907331
Oneida,WI,0.5891016200294551
Outagamie,WI,0.5506607929515419
Ozaukee,WI,1.2605042016806722
Pepin,WI,0.0
Pierce,WI,0.9370816599732262
Polk,WI,0.6369426751592357
Portage,WI,0.6618863761720905
Price,WI,0.0
Racine,WI,1.6404419149648477
Richland,WI,1.4598540145985401
Rock,WI,1.0608424336973479
Rusk,WI,1.0638297872340425
St. Croix,WI,0.7537688442211055
Sauk,WI,0.4166666666666667
Sawyer,WI,0.3731343283582089
Shawano,WI,0.42134831460674155
Sheboygan,WI,0.8130081300813009
Taylor,WI,1.520912547528517
Trempealeau,WI,0.25510204081632654
Vernon,WI,0.3058103975535168
Vilas,WI,0.30120481927710846
Walworth,WI,1.154353562005277
Washburn,WI,1.3245033112582782
Washington,WI,1.158422041327489
Waukesha,WI,1.023454157782516
Waupaca,WI,1.3513513513513513
Waushara,WI,0.5649717514124294
Winnebago,WI,0.6421088205474822
Wood,WI,0.6560449859418931
Albany,WY,0.0
Big Horn,WY,2.2222222222222223
Campbell,WY,0.468384074941452
Carbon,WY,0.796812749003984
Converse,WY,0.0
Crook,WY,0.0
Fremont,WY,1.6166281755196306
Goshen,WY,1.6528925619834711
Hot Springs,WY,0.0
Johnson,WY,2.1739130434782608
Laramie,WY,0.4634994206257242
Lincoln,WY,0.39370078740157477
Natrona,WY,0.846262341325811
Niobrara,WY,0.0
Park,WY,0.6944444444444444
Platte,WY,1.8518518518518516
Sheridan,WY,1.084010840108401
Sublette,WY,0.7751937984496124
Sweetwater,WY,0.5235602094240838
Teton,WY,0.15503875968992248
Uinta,WY,0.5361930294906166
Washakie,WY,4.878048780487805
Weston,WY,0.0
