,State Name,County Name,Mean_Annual_AQI
0,Alabama,Baldwin,38.291512915129154
1,Alabama,Clay,31.149532710280372
2,Alabama,Colbert,35.52091254752852
3,Alabama,DeKalb,39.71191135734072
4,Alabama,Elmore,38.421052631578945
5,Alabama,Etowah,41.666666666666664
6,Alabama,Houston,35.58571428571429
7,Alabama,Jefferson,55.04931506849315
8,Alabama,Lawrence,23.313725490196077
9,Alabama,Madison,42.39612188365651
10,Alabama,Mobile,40.73626373626374
11,Alabama,Montgomery,50.26575342465753
12,Alabama,Morgan,39.06301369863014
13,Alabama,Russell,40.42699724517907
14,Alabama,Shelby,31.298050139275766
15,Alabama,Sumter,31.844875346260388
16,Alabama,Tuscaloosa,35.621212121212125
17,Alaska,Aleutians East ,12.65
18,Alaska,Anchorage ,34.3041095890411
19,Alaska,Bethel ,15.088328075709779
20,Alaska,Denali ,34.286908077994426
21,Alaska,Fairbanks North Star ,54.49315068493151
22,Alaska,Juneau ,25.73204419889503
23,Alaska,Kenai Peninsula ,9.183333333333334
24,Alaska,Matanuska-Susitna ,27.68888888888889
25,Alaska,North Slope ,6.254901960784314
26,Arizona,Apache,11.668523676880223
27,Arizona,Cochise,47.29041095890411
28,Arizona,Coconino,46.846575342465755
29,Arizona,Gila,67.18356164383562
30,Arizona,La Paz,44.1978021978022
31,Arizona,Maricopa,69.81917808219178
32,Arizona,Mohave,14.851648351648352
33,Arizona,Navajo,44.512328767123286
34,Arizona,Pima,50.45205479452055
35,Arizona,Pinal,80.17808219178082
36,Arizona,Santa Cruz,35.994475138121544
37,Arizona,Yavapai,44.16011235955056
38,Arizona,Yuma,47.64109589041096
39,Arkansas,Arkansas,32.144067796610166
40,Arkansas,Ashley,33.516666666666666
41,Arkansas,Benton,36.54109589041096
42,Arkansas,Clark,33.03661971830986
43,Arkansas,Craighead,30.918367346938776
44,Arkansas,Crittenden,41.654794520547945
45,Arkansas,Garland,36.049586776859506
46,Arkansas,Jackson,33.07692307692308
47,Arkansas,Newton,36.46027397260274
48,Arkansas,Polk,40.16620498614959
49,Arkansas,Pulaski,45.84931506849315
50,Arkansas,Union,36.7344398340249
51,Arkansas,Washington,43.087671232876716
52,California,Alameda,45.93150684931507
53,California,Amador,40.27605633802817
54,California,Butte,49.224657534246575
55,California,Calaveras,42.95
56,California,Colusa,40.95616438356164
57,California,Contra Costa,44.75890410958904
58,California,Del Norte,22.592741935483872
59,California,El Dorado,46.97534246575343
60,California,Fresno,70.0986301369863
61,California,Glenn,41.49171270718232
62,California,Humboldt,28.46005509641873
63,California,Imperial,62.98082191780822
64,California,Inyo,56.46027397260274
65,California,Kern,77.57260273972602
66,California,Kings,64.76986301369863
67,California,Lake,31.858333333333334
68,California,Los Angeles,81.92054794520548
69,California,Madera,54.728767123287675
70,California,Marin,34.86501377410468
71,California,Mariposa,55.47123287671233
72,California,Mendocino,34.26315789473684
73,California,Merced,52.18082191780822
74,California,Mono,80.21643835616439
75,California,Monterey,38.45479452054794
76,California,Napa,36.57575757575758
77,California,Nevada,47.75069252077562
78,California,Orange,54.64931506849315
79,California,Placer,52.28493150684932
80,California,Plumas,35.48093841642229
81,California,Riverside,87.42739726027398
82,California,Sacramento,53.0
83,California,San Benito,40.32876712328767
84,California,San Bernardino,95.2904109589041
85,California,San Diego,66.21917808219177
86,California,San Francisco,37.72054794520548
87,California,San Joaquin,51.88219178082192
88,California,San Luis Obispo,50.24109589041096
89,California,San Mateo,36.37260273972603
90,California,Santa Barbara,46.01917808219178
91,California,Santa Clara,45.512328767123286
92,California,Santa Cruz,35.915068493150685
93,California,Shasta,42.67307692307692
94,California,Siskiyou,38.18356164383562
95,California,Solano,43.295890410958904
96,California,Sonoma,35.536986301369865
97,California,Stanislaus,56.28493150684932
98,California,Sutter,47.15890410958904
99,California,Tehama,44.3041095890411
100,California,Trinity,22.458646616541355
101,California,Tulare,72.9068493150685
102,California,Tuolumne,45.849162011173185
103,California,Ventura,52.515068493150686
104,California,Yolo,43.87945205479452
105,Colorado,Adams,48.35068493150685
106,Colorado,Alamosa,9.145833333333334
107,Colorado,Arapahoe,51.775342465753425
108,Colorado,Archuleta,31.669421487603305
109,Colorado,Boulder,51.07123287671233
110,Colorado,Clear Creek,50.42068965517242
111,Colorado,Delta,40.78082191780822
112,Colorado,Denver,54.15068493150685
113,Colorado,Douglas,50.56232686980609
114,Colorado,El Paso,47.942465753424656
115,Colorado,Fremont,13.65625
116,Colorado,Garfield,44.53150684931507
117,Colorado,Gilpin,47.65034965034965
118,Colorado,Gunnison,48.11731843575419
119,Colorado,Jackson,6.086956521739131
120,Colorado,Jefferson,53.156164383561645
121,Colorado,La Plata,44.013698630136986
122,Colorado,Larimer,54.586301369863016
123,Colorado,Mesa,44.60989010989011
124,Colorado,Montezuma,48.02739726027397
125,Colorado,Pitkin,11.153846153846153
126,Colorado,Prowers,16.15606936416185
127,Colorado,Pueblo,20.57936507936508
128,Colorado,Rio Blanco,44.16164383561644
129,Colorado,Routt,15.17134831460674
130,Colorado,San Juan,6.6
131,Colorado,San Miguel,12.929203539823009
132,Colorado,Weld,47.46027397260274
133,Connecticut,Fairfield,46.49589041095891
134,Connecticut,Hartford,41.49041095890411
135,Connecticut,Litchfield,38.56438356164384
136,Connecticut,Middlesex,44.48780487804878
137,Connecticut,New Haven,46.09041095890411
138,Connecticut,New London,36.722527472527474
139,Connecticut,Tolland,42.783018867924525
140,Connecticut,Windham,36.86666666666667
141,Country Of Mexico,BAJA CALIFORNIA NORTE,77.125
142,Country Of Mexico,SONORA,44.41620111731844
143,Delaware,Kent,42.87123287671233
144,Delaware,New Castle,46.66849315068493
145,Delaware,Sussex,43.07397260273972
146,District Of Columbia,District of Columbia,48.33150684931507
147,Florida,Alachua,36.89835164835165
148,Florida,Baker,34.40997229916898
149,Florida,Bay,40.69187675070028
150,Florida,Brevard,36.98005698005698
151,Florida,Broward,40.69421487603306
152,Florida,Citrus,32.0027397260274
153,Florida,Collier,36.09944751381215
154,Florida,Columbia,40.396694214876035
155,Florida,Duval,45.72853185595568
156,Florida,Escambia,41.81095890410959
157,Florida,Flagler,34.27407407407407
158,Florida,Hamilton,31.74212034383954
159,Florida,Highlands,36.012875536480685
160,Florida,Hillsborough,45.413698630136984
161,Florida,Holmes,41.52486187845304
162,Florida,Indian River,36.516417910447764
163,Florida,Lake,37.7969696969697
164,Florida,Lee,37.42739726027397
165,Florida,Leon,41.080555555555556
166,Florida,Liberty,33.70940170940171
167,Florida,Manatee,37.221917808219175
168,Florida,Marion,39.78904109589041
169,Florida,Martin,37.15625
170,Florida,Miami-Dade,39.29916897506925
171,Florida,Nassau,27.49002849002849
172,Florida,Okaloosa,36.07162534435262
173,Florida,Orange,37.919444444444444
174,Florida,Osceola,36.42857142857143
175,Florida,Palm Beach,36.719887955182074
176,Florida,Pasco,37.30958904109589
177,Florida,Pinellas,42.76164383561644
178,Florida,Polk,38.945205479452056
179,Florida,Putnam,18.25284090909091
180,Florida,Santa Rosa,40.925824175824175
181,Florida,Sarasota,39.16986301369863
182,Florida,Seminole,38.38904109589041
183,Florida,St. Lucie,33.91477272727273
184,Florida,Volusia,38.06285714285714
185,Florida,Wakulla,37.28099173553719
186,Georgia,Bibb,40.78904109589041
187,Georgia,Charlton,23.372093023255815
188,Georgia,Chatham,38.86027397260274
189,Georgia,Chattooga,38.26229508196721
190,Georgia,Clarke,43.23013698630137
191,Georgia,Clayton,35.49579831932773
192,Georgia,Cobb,41.5709219858156
193,Georgia,Coffee,29.297520661157026
194,Georgia,Columbia,38.073469387755104
195,Georgia,Dawson,37.71311475409836
196,Georgia,DeKalb,45.797260273972604
197,Georgia,Dougherty,41.918539325842694
198,Georgia,Douglas,41.16326530612245
199,Georgia,Floyd,43.07945205479452
200,Georgia,Fulton,50.36164383561644
201,Georgia,Glynn,36.40501792114696
202,Georgia,Gwinnett,46.9943661971831
203,Georgia,Hall,37.68529411764706
204,Georgia,Henry,38.71349862258953
205,Georgia,Houston,40.166666666666664
206,Georgia,Lowndes,36.84789644012945
207,Georgia,Murray,41.848
208,Georgia,Muscogee,39.79120879120879
209,Georgia,Pike,39.804532577903686
210,Georgia,Richmond,44.667582417582416
211,Georgia,Rockdale,45.49377593360996
212,Georgia,Sumter,39.45378151260504
213,Georgia,Walker,37.87640449438202
214,Georgia,Washington,33.53080568720379
215,Hawaii,Hawaii,19.068493150684933
216,Hawaii,Honolulu,31.564383561643837
217,Hawaii,Kauai,14.293150684931506
218,Hawaii,Maui,18.486187845303867
219,Idaho,Ada,39.76438356164383
220,Idaho,Bannock,27.846575342465755
221,Idaho,Benewah,42.535714285714285
222,Idaho,Blaine,16.378980891719745
223,Idaho,Boise,36.23013698630137
224,Idaho,Bonner,26.216438356164385
225,Idaho,Bonneville,30.04201680672269
226,Idaho,Butte,40.269444444444446
227,Idaho,Canyon,29.854794520547944
228,Idaho,Caribou,9.49090909090909
229,Idaho,Custer,4.9743589743589745
230,Idaho,Franklin,22.178571428571427
231,Idaho,Idaho,41.32876712328767
232,Idaho,Jerome,16.427762039660056
233,Idaho,Kootenai,27.070422535211268
234,Idaho,Latah,12.354285714285714
235,Idaho,Lemhi,32.63611111111111
236,Idaho,Nez Perce,28.366666666666667
237,Idaho,Shoshone,36.04657534246575
238,Idaho,Twin Falls,20.873972602739727
239,Idaho,Valley,27.943977591036415
240,Illinois,Adams,41.850622406639005
241,Illinois,Champaign,43.4027397260274
242,Illinois,Clark,34.36697247706422
243,Illinois,Cook,55.68493150684932
244,Illinois,DuPage,43.94318181818182
245,Illinois,Effingham,40.43265306122449
246,Illinois,Hamilton,43.04360465116279
247,Illinois,Jersey,42.654178674351584
248,Illinois,Jo Daviess,34.55922865013774
249,Illinois,Kane,42.397887323943664
250,Illinois,La Salle,1.6865671641791045
251,Illinois,Lake,40.926530612244896
252,Illinois,Macon,44.5013698630137
253,Illinois,Macoupin,28.36986301369863
254,Illinois,Madison,51.32876712328767
255,Illinois,McHenry,44.77058823529412
256,Illinois,McLean,44.39010989010989
257,Illinois,Monroe,2.8286713286713288
258,Illinois,Peoria,41.47527472527472
259,Illinois,Randolph,39.891975308641975
260,Illinois,Rock Island,42.36842105263158
261,Illinois,Saint Clair,41.534246575342465
262,Illinois,Sangamon,40.28333333333333
263,Illinois,Tazewell,3.407514450867052
264,Illinois,Wabash,3.7884615384615383
265,Illinois,Will,44.134246575342466
266,Illinois,Winnebago,43.43108504398827
267,Indiana,Allen,44.821917808219176
268,Indiana,Bartholomew,40.620879120879124
269,Indiana,Boone,36.535612535612536
270,Indiana,Brown,35.23835616438356
271,Indiana,Carroll,35.86871508379888
272,Indiana,Clark,42.035616438356165
273,Indiana,Daviess,2.5342857142857143
274,Indiana,Delaware,35.94034090909091
275,Indiana,Dubois,34.225
276,Indiana,Elkhart,39.652054794520545
277,Indiana,Floyd,34.78787878787879
278,Indiana,Gibson,6.139275766016713
279,Indiana,Greene,38.566197183098595
280,Indiana,Hamilton,43.61917808219178
281,Indiana,Hendricks,33.94736842105263
282,Indiana,Henry,31.48739495798319
283,Indiana,Howard,41.11634349030471
284,Indiana,Huntington,32.14929577464789
285,Indiana,Jackson,35.34166666666667
286,Indiana,Knox,36.77437325905292
287,Indiana,LaPorte,40.4532967032967
288,Indiana,Lake,47.35342465753425
289,Indiana,Madison,42.46849315068493
290,Indiana,Marion,53.347945205479455
291,Indiana,Monroe,31.390173410404625
292,Indiana,Morgan,35.777472527472526
293,Indiana,Perry,37.70391061452514
294,Indiana,Pike,2.590308370044053
295,Indiana,Porter,44.25753424657534
296,Indiana,Posey,36.05494505494506
297,Indiana,Shelby,35.917808219178085
298,Indiana,Spencer,32.324786324786324
299,Indiana,St. Joseph,43.87397260273973
300,Indiana,Sullivan,33.224137931034484
301,Indiana,Tippecanoe,35.42450142450142
302,Indiana,Vanderburgh,41.72054794520548
303,Indiana,Vigo,46.00821917808219
304,Indiana,Wabash,37.535612535612536
305,Indiana,Warrick,36.66301369863014
306,Indiana,Whitley,34.32386363636363
307,Iowa,Black Hawk,34.41046831955923
308,Iowa,Bremer,37.13168724279836
309,Iowa,Cerro Gordo,15.728813559322035
310,Iowa,Clinton,42.59340659340659
311,Iowa,Harrison,38.983402489626556
312,Iowa,Johnson,37.67307692307692
313,Iowa,Lee,33.28333333333333
314,Iowa,Linn,41.07123287671233
315,Iowa,Montgomery,37.214285714285715
316,Iowa,Muscatine,34.465753424657535
317,Iowa,Palo Alto,39.04120879120879
318,Iowa,Polk,40.06301369863014
319,Iowa,Pottawattamie,30.861538461538462
320,Iowa,Scott,47.865753424657534
321,Iowa,Van Buren,38.15235457063712
322,Iowa,Woodbury,30.059322033898304
323,Kansas,Chase,25.666666666666668
324,Kansas,Ford,16.81578947368421
325,Kansas,Johnson,36.38121546961326
326,Kansas,Leavenworth,34.49723756906077
327,Kansas,Neosho,41.78630136986301
328,Kansas,Sedgwick,39.68493150684932
329,Kansas,Shawnee,42.21095890410959
330,Kansas,Sherman,14.759776536312849
331,Kansas,Sumner,38.78082191780822
332,Kansas,Trego,36.24175824175824
333,Kansas,Wyandotte,41.00547945205479
334,Kentucky,Bell,38.4106463878327
335,Kentucky,Boone,39.56485355648535
336,Kentucky,Boyd,38.50684931506849
337,Kentucky,Bullitt,41.63374485596708
338,Kentucky,Campbell,39.129476584022036
339,Kentucky,Carter,34.71228070175439
340,Kentucky,Christian,38.356115107913666
341,Kentucky,Daviess,42.73351648351648
342,Kentucky,Edmonson,41.57808219178082
343,Kentucky,Fayette,40.45879120879121
344,Kentucky,Greenup,24.444751381215468
345,Kentucky,Hancock,42.089795918367344
346,Kentucky,Hardin,38.86776859504132
347,Kentucky,Henderson,18.34710743801653
348,Kentucky,Jefferson,50.45753424657534
349,Kentucky,Jessamine,28.14010989010989
350,Kentucky,Livingston,38.77394636015325
351,Kentucky,McCracken,43.59279778393352
352,Kentucky,Morgan,36.837078651685395
353,Kentucky,Oldham,42.96280991735537
354,Kentucky,Perry,38.36827195467422
355,Kentucky,Pike,35.11080332409972
356,Kentucky,Pulaski,37.52127659574468
357,Kentucky,Simpson,39.60245901639344
358,Kentucky,Trigg,37.38526912181303
359,Kentucky,Warren,39.26149425287356
360,Kentucky,Washington,38.58516483516483
361,Louisiana,Ascension,35.35734072022161
362,Louisiana,Bossier,34.66946778711485
363,Louisiana,Caddo,38.7752808988764
364,Louisiana,Calcasieu,46.02465753424657
365,Louisiana,East Baton Rouge,44.983561643835614
366,Louisiana,Iberville,39.61917808219178
367,Louisiana,Jefferson,39.512328767123286
368,Louisiana,Lafayette,41.81095890410959
369,Louisiana,Lafourche,43.18333333333333
370,Louisiana,Livingston,42.95342465753425
371,Louisiana,Orleans,30.26027397260274
372,Louisiana,Ouachita,35.611570247933884
373,Louisiana,Pointe Coupee,35.39031339031339
374,Louisiana,Rapides,30.73109243697479
375,Louisiana,St. Bernard,44.87123287671233
376,Louisiana,St. Charles,9.298342541436464
377,Louisiana,St. James,29.46027397260274
378,Louisiana,St. John the Baptist,34.1510989010989
379,Louisiana,St. Martin,34.97746478873239
380,Louisiana,St. Tammany,38.54545454545455
381,Louisiana,Tangipahoa,31.71794871794872
382,Louisiana,Terrebonne,30.6
383,Louisiana,West Baton Rouge,40.93972602739726
384,Maine,Androscoggin,30.50415512465374
385,Maine,Aroostook,35.35068493150685
386,Maine,Cumberland,41.25205479452055
387,Maine,Hancock,36.92876712328767
388,Maine,Kennebec,25.628808864265928
389,Maine,Knox,36.83098591549296
390,Maine,Oxford,29.338323353293415
391,Maine,Penobscot,29.833795013850416
392,Maine,Washington,34.38567493112948
393,Maine,York,39.073593073593074
394,Maryland,Allegany,12.87945205479452
395,Maryland,Anne Arundel,36.971830985915496
396,Maryland,Baltimore,46.93150684931507
397,Maryland,Baltimore (City),43.892561983471076
398,Maryland,Calvert,39.36206896551724
399,Maryland,Carroll,43.593360995850624
400,Maryland,Cecil,40.041551246537395
401,Maryland,Charles,39.73303167420814
402,Maryland,Dorchester,42.49589041095891
403,Maryland,Frederick,44.45679012345679
404,Maryland,Garrett,36.64657534246575
405,Maryland,Harford,45.36490250696379
406,Maryland,Howard,32.41095890410959
407,Maryland,Kent,39.27777777777778
408,Maryland,Montgomery,37.62049861495845
409,Maryland,Prince George's,45.4027397260274
410,Maryland,Washington,38.916666666666664
411,Massachusetts,Barnstable,37.04735376044568
412,Massachusetts,Berkshire,38.43956043956044
413,Massachusetts,Bristol,40.925824175824175
414,Massachusetts,Dukes,39.71306818181818
415,Massachusetts,Essex,39.03846153846154
416,Massachusetts,Franklin,37.535714285714285
417,Massachusetts,Hampden,40.36538461538461
418,Massachusetts,Hampshire,38.70879120879121
419,Massachusetts,Middlesex,37.57692307692308
420,Massachusetts,Norfolk,34.76243093922652
421,Massachusetts,Plymouth,37.98622589531681
422,Massachusetts,Suffolk,39.44931506849315
423,Massachusetts,Worcester,40.48219178082192
424,Michigan,Allegan,40.8768115942029
425,Michigan,Bay,28.85759493670886
426,Michigan,Benzie,35.526315789473685
427,Michigan,Berrien,40.23076923076923
428,Michigan,Cass,40.6078431372549
429,Michigan,Chippewa,33.706896551724135
430,Michigan,Clinton,35.391129032258064
431,Michigan,Genesee,38.59117647058824
432,Michigan,Huron,35.94980694980695
433,Michigan,Ingham,36.446575342465756
434,Michigan,Kalamazoo,37.930939226519335
435,Michigan,Kent,38.202739726027396
436,Michigan,Keweenaw,8.627118644067796
437,Michigan,Lenawee,40.68156424581006
438,Michigan,Macomb,39.4041095890411
439,Michigan,Manistee,35.25278810408922
440,Michigan,Mason,34.21259842519685
441,Michigan,Missaukee,35.853994490358126
442,Michigan,Monroe,5.011142061281337
443,Michigan,Muskegon,39.01908396946565
444,Michigan,Oakland,40.19112627986348
445,Michigan,Ottawa,34.75890410958904
446,Michigan,Schoolcraft,29.56198347107438
447,Michigan,St. Clair,42.9972602739726
448,Michigan,Tuscola,34.51549295774648
449,Michigan,Washtenaw,41.5972602739726
450,Michigan,Wayne,54.49589041095891
451,Michigan,Wexford,35.26764705882353
452,Minnesota,Anoka,38.27472527472528
453,Minnesota,Becker,29.433333333333334
454,Minnesota,Beltrami,23.676136363636363
455,Minnesota,Carlton,25.924157303370787
456,Minnesota,Cass,17.02
457,Minnesota,Cook,18.164670658682635
458,Minnesota,Crow Wing,27.75766016713092
459,Minnesota,Dakota,31.767123287671232
460,Minnesota,Goodhue,37.157407407407405
461,Minnesota,Hennepin,43.446575342465756
462,Minnesota,Lake,27.50828729281768
463,Minnesota,Lyon,32.687845303867405
464,Minnesota,Mille Lacs,33.8421052631579
465,Minnesota,Olmsted,37.21153846153846
466,Minnesota,Ramsey,33.75068493150685
467,Minnesota,Saint Louis,36.515068493150686
468,Minnesota,Scott,37.16986301369863
469,Minnesota,Stearns,33.450581395348834
470,Minnesota,Washington,27.81267217630854
471,Minnesota,Winona,20.017543859649123
472,Minnesota,Wright,34.17403314917127
473,Mississippi,Bolivar,42.035714285714285
474,Mississippi,DeSoto,39.75
475,Mississippi,Forrest,36.19832402234637
476,Mississippi,Hancock,37.61917808219178
477,Mississippi,Harrison,41.11570247933884
478,Mississippi,Hinds,45.14246575342466
479,Mississippi,Jackson,40.35890410958904
480,Mississippi,Lauderdale,35.95510204081633
481,Mississippi,Lee,38.67219917012448
482,Mississippi,Yalobusha,33.298850574712645
483,Missouri,Andrew,40.26122448979592
484,Missouri,Boone,37.391836734693875
485,Missouri,Buchanan,35.73698630136986
486,Missouri,Callaway,38.50612244897959
487,Missouri,Cass,36.673972602739724
488,Missouri,Cedar,38.52421652421653
489,Missouri,Clay,39.42739726027397
490,Missouri,Clinton,41.926530612244896
491,Missouri,Franklin,5.137362637362638
492,Missouri,Greene,36.84109589041096
493,Missouri,Iron,20.424657534246574
494,Missouri,Jackson,40.87945205479452
495,Missouri,Jasper,34.09315068493151
496,Missouri,Jefferson,38.76712328767123
497,Missouri,Lincoln,40.12244897959184
498,Missouri,Monroe,35.273972602739725
499,Missouri,New Madrid,121.87671232876713
500,Missouri,Perry,40.16326530612245
501,Missouri,Saint Charles,30.863013698630137
502,Missouri,Saint Louis,45.09315068493151
503,Missouri,Sainte Genevieve,39.0
504,Missouri,St. Louis City,49.31506849315068
505,Missouri,Stoddard,23.270833333333332
506,Missouri,Taney,20.166666666666668
507,Montana,Cascade,23.12121212121212
508,Montana,Fergus,37.14246575342466
509,Montana,Flathead,39.18082191780822
510,Montana,Gallatin,26.882191780821916
511,Montana,Lake,8.666666666666666
512,Montana,Lewis and Clark,44.227397260273975
513,Montana,Lincoln,41.72802197802198
514,Montana,Missoula,44.59452054794521
515,Montana,Phillips,34.23561643835617
516,Montana,Powder River,38.68421052631579
517,Montana,Powell,8.23076923076923
518,Montana,Ravalli,19.005494505494507
519,Montana,Richland,36.97260273972603
520,Montana,Roosevelt,15.578947368421053
521,Montana,Rosebud,35.30769230769231
522,Montana,Sanders,27.524725274725274
523,Montana,Sheridan,16.07843137254902
524,Montana,Silver Bow,25.757575757575758
525,Montana,Yellowstone,20.69889502762431
526,Nebraska,Cass,14.491379310344827
527,Nebraska,Douglas,39.1945205479452
528,Nebraska,Hall,20.927835051546392
529,Nebraska,Knox,35.67323943661972
530,Nebraska,Lancaster,28.591666666666665
531,Nebraska,Sarpy,31.49142857142857
532,Nebraska,Scotts Bluff,19.98230088495575
533,Nebraska,Thomas,16.41176470588235
534,Nebraska,Washington,26.54310344827586
535,Nevada,Carson City,41.28493150684932
536,Nevada,Churchill,40.685552407932015
537,Nevada,Clark,59.01917808219178
538,Nevada,Douglas,16.01123595505618
539,Nevada,Elko,15.561643835616438
540,Nevada,Lyon,37.76988636363637
541,Nevada,Nye,18.39178082191781
542,Nevada,Washoe,48.71780821917808
543,Nevada,White Pine,46.09668508287293
544,New Hampshire,Belknap,27.930379746835442
545,New Hampshire,Cheshire,34.92054794520548
546,New Hampshire,Coos,37.79012345679013
547,New Hampshire,Grafton,33.652054794520545
548,New Hampshire,Hillsborough,37.30958904109589
549,New Hampshire,Merrimack,21.512328767123286
550,New Hampshire,Rockingham,38.227397260273975
551,New Jersey,Atlantic,38.56712328767123
552,New Jersey,Bergen,47.61917808219178
553,New Jersey,Camden,47.50684931506849
554,New Jersey,Cumberland,41.70360110803324
555,New Jersey,Essex,43.73150684931507
556,New Jersey,Gloucester,38.3
557,New Jersey,Hudson,43.5972602739726
558,New Jersey,Hunterdon,41.19889502762431
559,New Jersey,Mercer,44.0027397260274
560,New Jersey,Middlesex,42.4171270718232
561,New Jersey,Monmouth,38.9625
562,New Jersey,Morris,37.4010989010989
563,New Jersey,Ocean,38.14040114613181
564,New Jersey,Passaic,38.938628158844764
565,New Jersey,Union,42.586301369863016
566,New Jersey,Warren,36.755494505494504
567,New Mexico,Bernalillo,55.68219178082192
568,New Mexico,Catron,10.313725490196079
569,New Mexico,Chaves,16.8135593220339
570,New Mexico,Dona Ana,62.33150684931507
571,New Mexico,Eddy,55.104109589041094
572,New Mexico,Lea,47.88767123287671
573,New Mexico,Lincoln,11.86
574,New Mexico,Los Alamos,9.175438596491228
575,New Mexico,Luna,16.939058171745152
576,New Mexico,Rio Arriba,43.31005586592179
577,New Mexico,San Juan,55.06301369863014
578,New Mexico,Sandoval,45.0633608815427
579,New Mexico,Santa Fe,46.370165745856355
580,New Mexico,Socorro,11.0
581,New Mexico,Taos,20.18435754189944
582,New Mexico,Valencia,45.17086834733894
583,New York,Albany,38.0027397260274
584,New York,Bronx,43.16438356164384
585,New York,Chautauqua,36.25753424657534
586,New York,Dutchess,32.16986301369863
587,New York,Erie,39.80821917808219
588,New York,Essex,41.16712328767123
589,New York,Franklin,0.014044943820224719
590,New York,Hamilton,31.20277777777778
591,New York,Herkimer,24.463963963963963
592,New York,Jefferson,35.385365853658534
593,New York,Kings,28.136986301369863
594,New York,Monroe,37.50410958904109
595,New York,Nassau,23.046831955922865
596,New York,New York,41.06575342465754
597,New York,Niagara,35.28977272727273
598,New York,Oneida,19.109859154929577
599,New York,Onondaga,37.487671232876714
600,New York,Orange,35.92328767123288
601,New York,Oswego,34.57632398753894
602,New York,Putnam,32.46153846153846
603,New York,Queens,43.21369863013699
604,New York,Richmond,38.52876712328767
605,New York,Rockland,37.81369863013698
606,New York,Saratoga,33.73716012084592
607,New York,Seneca,0.17222222222222222
608,New York,St. Lawrence,29.564383561643837
609,New York,Steuben,35.61643835616438
610,New York,Suffolk,43.55068493150685
611,New York,Tompkins,34.52054794520548
612,New York,Wayne,36.134328358208954
613,New York,Westchester,37.986301369863014
614,North Carolina,Alexander,35.2983606557377
615,North Carolina,Avery,40.71625344352617
616,North Carolina,Beaufort,1.7443181818181819
617,North Carolina,Brunswick,10.421652421652421
618,North Carolina,Buncombe,34.654794520547945
619,North Carolina,Caldwell,33.17763157894737
620,North Carolina,Carteret,38.50579150579151
621,North Carolina,Caswell,38.477551020408164
622,North Carolina,Catawba,34.01939058171745
623,North Carolina,Cumberland,39.68595041322314
624,North Carolina,Davidson,35.76571428571429
625,North Carolina,Durham,41.0521978021978
626,North Carolina,Edgecombe,34.77685950413223
627,North Carolina,Forsyth,45.70958904109589
628,North Carolina,Graham,45.775510204081634
629,North Carolina,Granville,44.27916666666667
630,North Carolina,Guilford,40.26849315068493
631,North Carolina,Haywood,35.12362637362637
632,North Carolina,Hyde,20.695652173913043
633,North Carolina,Jackson,27.553398058252426
634,North Carolina,Johnston,39.112947658402206
635,North Carolina,Lenoir,42.35021097046413
636,North Carolina,Lincoln,46.04526748971193
637,North Carolina,Macon,33.62290502793296
638,North Carolina,Martin,29.6376404494382
639,North Carolina,Mecklenburg,49.202739726027396
640,North Carolina,Mitchell,23.054054054054053
641,North Carolina,Montgomery,39.87671232876713
642,North Carolina,New Hanover,33.11206896551724
643,North Carolina,Northampton,30.830065359477125
644,North Carolina,Person,31.138121546961326
645,North Carolina,Pitt,36.41193181818182
646,North Carolina,Rockingham,43.816326530612244
647,North Carolina,Rowan,44.016438356164386
648,North Carolina,Swain,35.78176795580111
649,North Carolina,Union,46.625531914893614
650,North Carolina,Wake,46.24657534246575
651,North Carolina,Yancey,46.877049180327866
652,North Dakota,Billings,33.78082191780822
653,North Dakota,Burke,33.45205479452055
654,North Dakota,Burleigh,33.843835616438355
655,North Dakota,Cass,35.85674931129476
656,North Dakota,Dunn,35.24383561643835
657,North Dakota,McKenzie,35.12602739726027
658,North Dakota,Mercer,35.345205479452055
659,North Dakota,Oliver,35.895890410958906
660,North Dakota,Ward,30.0
661,North Dakota,Williams,37.558904109589044
662,Ohio,Adams,20.213698630136985
663,Ohio,Allen,37.15384615384615
664,Ohio,Ashtabula,28.268156424581004
665,Ohio,Athens,26.616666666666667
666,Ohio,Belmont,18.78904109589041
667,Ohio,Butler,48.33150684931507
668,Ohio,Clark,46.15068493150685
669,Ohio,Clermont,40.46648044692738
670,Ohio,Clinton,43.75
671,Ohio,Columbiana,2.9
672,Ohio,Cuyahoga,50.88767123287671
673,Ohio,Delaware,41.066390041493776
674,Ohio,Fayette,36.87042253521127
675,Ohio,Franklin,47.45205479452055
676,Ohio,Gallia,14.063013698630137
677,Ohio,Geauga,44.51304347826087
678,Ohio,Greene,41.864197530864196
679,Ohio,Hamilton,53.446575342465756
680,Ohio,Harrison,7.819112627986348
681,Ohio,Jefferson,45.53972602739726
682,Ohio,Knox,42.457142857142856
683,Ohio,Lake,38.90958904109589
684,Ohio,Lawrence,37.18356164383562
685,Ohio,Licking,41.21632653061224
686,Ohio,Lorain,37.748618784530386
687,Ohio,Lucas,40.42191780821918
688,Ohio,Madison,43.13061224489796
689,Ohio,Mahoning,39.326027397260276
690,Ohio,Medina,38.62889518413598
691,Ohio,Miami,40.09958506224066
692,Ohio,Montgomery,46.87671232876713
693,Ohio,Morgan,3.427350427350427
694,Ohio,Noble,37.95238095238095
695,Ohio,Portage,37.477777777777774
696,Ohio,Preble,43.84340659340659
697,Ohio,Scioto,17.794520547945204
698,Ohio,Stark,47.06301369863014
699,Ohio,Summit,43.136986301369866
700,Ohio,Trumbull,40.28176795580111
701,Ohio,Warren,43.38055555555555
702,Ohio,Washington,41.67755102040816
703,Ohio,Wood,38.39344262295082
704,Oklahoma,Adair,37.106849315068494
705,Oklahoma,Canadian,39.03661971830986
706,Oklahoma,Carter,41.76164383561644
707,Oklahoma,Choctaw,37.68650793650794
708,Oklahoma,Cleveland,47.05205479452055
709,Oklahoma,Comanche,43.515068493150686
710,Oklahoma,Creek,37.741573033707866
711,Oklahoma,Custer,15.622881355932204
712,Oklahoma,Dewey,42.016438356164386
713,Oklahoma,Garfield,3.92463768115942
714,Oklahoma,Johnston,39.234042553191486
715,Oklahoma,Kay,40.85205479452055
716,Oklahoma,Le Flore,28.657894736842106
717,Oklahoma,Mayes,29.805479452054794
718,Oklahoma,Muskogee,12.618881118881118
719,Oklahoma,Nowata,42.03013698630137
720,Oklahoma,Oklahoma,49.11780821917808
721,Oklahoma,Osage,39.048022598870055
722,Oklahoma,Ottawa,38.22314049586777
723,Oklahoma,Pittsburg,43.087671232876716
724,Oklahoma,Sequoyah,35.75346260387812
725,Oklahoma,Tulsa,46.71506849315068
726,Oregon,Baker,27.216666666666665
727,Oregon,Benton,22.586301369863012
728,Oregon,Clackamas,29.55778894472362
729,Oregon,Columbia,24.584022038567493
730,Oregon,Coos,21.16822429906542
731,Oregon,Crook,29.50958904109589
732,Oregon,Deschutes,24.643835616438356
733,Oregon,Douglas,29.40922190201729
734,Oregon,Grant,34.59312320916906
735,Oregon,Harney,38.18131868131868
736,Oregon,Jackson,39.917808219178085
737,Oregon,Jefferson,30.02191780821918
738,Oregon,Josephine,33.652054794520545
739,Oregon,Klamath,38.14520547945205
740,Oregon,Lake,25.418732782369148
741,Oregon,Lane,43.49041095890411
742,Oregon,Linn,34.21369863013699
743,Oregon,Marion,35.235955056179776
744,Oregon,Multnomah,36.558904109589044
745,Oregon,Umatilla,36.95068493150685
746,Oregon,Union,23.75068493150685
747,Oregon,Wallowa,26.03030303030303
748,Oregon,Wasco,29.377142857142857
749,Oregon,Washington,36.443835616438356
750,Pennsylvania,Adams,42.895890410958906
751,Pennsylvania,Allegheny,58.5013698630137
752,Pennsylvania,Armstrong,38.74520547945205
753,Pennsylvania,Beaver,47.33424657534247
754,Pennsylvania,Berks,44.5972602739726
755,Pennsylvania,Blair,42.75423728813559
756,Pennsylvania,Bradford,37.80113636363637
757,Pennsylvania,Bucks,37.857142857142854
758,Pennsylvania,Cambria,40.986301369863014
759,Pennsylvania,Centre,44.632876712328766
760,Pennsylvania,Chester,44.967032967032964
761,Pennsylvania,Clearfield,33.721448467966574
762,Pennsylvania,Cumberland,41.38356164383562
763,Pennsylvania,Dauphin,43.635616438356166
764,Pennsylvania,Delaware,48.463013698630135
765,Pennsylvania,Elk,36.50140056022409
766,Pennsylvania,Erie,37.63186813186813
767,Pennsylvania,Fayette,39.53888888888889
768,Pennsylvania,Franklin,36.683284457478
769,Pennsylvania,Greene,36.16045845272206
770,Pennsylvania,Indiana,37.637362637362635
771,Pennsylvania,Lackawanna,38.082191780821915
772,Pennsylvania,Lancaster,49.36986301369863
773,Pennsylvania,Lawrence,31.526315789473685
774,Pennsylvania,Lebanon,44.044444444444444
775,Pennsylvania,Lehigh,41.53333333333333
776,Pennsylvania,Luzerne,34.58725761772853
777,Pennsylvania,Lycoming,35.97506925207756
778,Pennsylvania,Mercer,42.6958904109589
779,Pennsylvania,Monroe,35.3810888252149
780,Pennsylvania,Montgomery,38.72099447513812
781,Pennsylvania,Northampton,42.78236914600551
782,Pennsylvania,Philadelphia,47.54246575342466
783,Pennsylvania,Somerset,36.28133704735376
784,Pennsylvania,Susquehanna,26.991477272727273
785,Pennsylvania,Tioga,35.92797783933518
786,Pennsylvania,Warren,12.035616438356165
787,Pennsylvania,Washington,46.11780821917808
788,Pennsylvania,Westmoreland,38.847457627118644
789,Pennsylvania,Wyoming,34.25925925925926
790,Pennsylvania,York,41.76164383561644
791,Puerto Rico,Adjuntas,22.743589743589745
792,Puerto Rico,Bayamon,20.98032786885246
793,Puerto Rico,Caguas,16.63276836158192
794,Puerto Rico,Catano,41.422413793103445
795,Puerto Rico,Fajardo,27.6218487394958
796,Puerto Rico,Guayama,5.174107142857143
797,Puerto Rico,Guaynabo,26.185082872928177
798,Puerto Rico,Mayagnez,30.653465346534652
799,Puerto Rico,Ponce,39.23361823361823
800,Puerto Rico,San Juan,13.527075812274369
801,Rhode Island,Kent,31.544159544159545
802,Rhode Island,Providence,43.443835616438356
803,Rhode Island,Washington,32.99147727272727
804,South Carolina,Aiken,40.716981132075475
805,South Carolina,Anderson,44.17777777777778
806,South Carolina,Berkeley,38.93518518518518
807,South Carolina,Charleston,39.83943661971831
808,South Carolina,Chesterfield,39.97802197802198
809,South Carolina,Colleton,25.857142857142858
810,South Carolina,Darlington,43.141843971631204
811,South Carolina,Edgefield,40.78082191780822
812,South Carolina,Florence,32.35180055401662
813,South Carolina,Georgetown,15.543478260869565
814,South Carolina,Greenville,46.583561643835615
815,South Carolina,Horry,43.229885057471265
816,South Carolina,Lexington,33.3013698630137
817,South Carolina,Oconee,37.276712328767125
818,South Carolina,Pickens,48.39442231075697
819,South Carolina,Richland,44.0
820,South Carolina,Spartanburg,45.022408963585434
821,South Carolina,York,45.88219178082192
822,South Dakota,Brookings,43.76712328767123
823,South Dakota,Brown,23.524590163934427
824,South Dakota,Codington,27.833795013850416
825,South Dakota,Custer,39.511049723756905
826,South Dakota,Hughes,13.657303370786517
827,South Dakota,Jackson,38.345205479452055
828,South Dakota,Meade,35.863013698630134
829,South Dakota,Minnehaha,37.961643835616435
830,South Dakota,Pennington,34.54570637119114
831,South Dakota,Union,36.53021978021978
832,Tennessee,Anderson,30.487671232876714
833,Tennessee,Blount,42.276712328767125
834,Tennessee,Claiborne,36.369942196531795
835,Tennessee,Davidson,44.92328767123288
836,Tennessee,DeKalb,37.3168044077135
837,Tennessee,Dyer,27.733333333333334
838,Tennessee,Hamilton,44.556164383561644
839,Tennessee,Jefferson,43.337606837606835
840,Tennessee,Knox,41.252747252747255
841,Tennessee,Lawrence,28.263636363636362
842,Tennessee,Loudon,37.16164383561644
843,Tennessee,Madison,29.074585635359117
844,Tennessee,Maury,24.87845303867403
845,Tennessee,McMinn,30.49579831932773
846,Tennessee,Montgomery,27.900552486187845
847,Tennessee,Putnam,26.052777777777777
848,Tennessee,Roane,29.170868347338935
849,Tennessee,Sevier,45.760989010989015
850,Tennessee,Shelby,47.62191780821918
851,Tennessee,Sullivan,49.6986301369863
852,Tennessee,Sumner,39.450980392156865
853,Tennessee,Williamson,41.04081632653061
854,Tennessee,Wilson,38.63203463203463
855,Texas,Bell,42.515068493150686
856,Texas,Bexar,51.342465753424655
857,Texas,Bowie,37.62464183381089
858,Texas,Brazoria,36.3041095890411
859,Texas,Brewster,40.828729281767956
860,Texas,Cameron,45.106849315068494
861,Texas,Collin,41.63013698630137
862,Texas,Culberson,37.56666666666667
863,Texas,Dallas,49.21917808219178
864,Texas,Denton,45.8054794520548
865,Texas,Ector,31.3135593220339
866,Texas,El Paso,57.59452054794521
867,Texas,Ellis,40.97534246575343
868,Texas,Freestone,0.6862745098039216
869,Texas,Galveston,42.323287671232876
870,Texas,Gregg,36.82596685082873
871,Texas,Harris,57.84109589041096
872,Texas,Harrison,39.72802197802198
873,Texas,Hidalgo,44.583561643835615
874,Texas,Hood,37.38095238095238
875,Texas,Howard,20.08383233532934
876,Texas,Hunt,35.129120879120876
877,Texas,Hutchinson,43.598885793871865
878,Texas,Jefferson,47.00547945205479
879,Texas,Johnson,41.44034090909091
880,Texas,Kaufman,39.1013698630137
881,Texas,Kleberg,33.61267605633803
882,Texas,Lubbock,26.412121212121214
883,Texas,Maverick,29.902654867256636
884,Texas,McLennan,38.131506849315066
885,Texas,Milam,0.13313609467455623
886,Texas,Montgomery,41.59452054794521
887,Texas,Navarro,45.221917808219175
888,Texas,Nueces,43.78356164383562
889,Texas,Orange,41.701369863013696
890,Texas,Parker,39.743801652892564
891,Texas,Polk,31.88372093023256
892,Texas,Potter,27.45205479452055
893,Texas,Randall,43.35028248587571
894,Texas,Robertson,0.6363636363636364
895,Texas,Rockwall,35.10216718266254
896,Texas,Rusk,19.38268156424581
897,Texas,Smith,37.832417582417584
898,Texas,Tarrant,49.553424657534244
899,Texas,Titus,3.6494252873563218
900,Texas,Travis,46.106849315068494
901,Texas,Victoria,33.40469208211144
902,Texas,Webb,44.701369863013696
903,Utah,Box Elder,36.55494505494506
904,Utah,Cache,49.175342465753424
905,Utah,Carbon,47.12054794520548
906,Utah,Davis,47.679452054794524
907,Utah,Duchesne,52.38904109589041
908,Utah,Garfield,40.09688581314879
909,Utah,Iron,41.156164383561645
910,Utah,Salt Lake,58.12876712328767
911,Utah,San Juan,44.82044198895028
912,Utah,Tooele,45.00821917808219
913,Utah,Uintah,54.983561643835614
914,Utah,Utah,49.04657534246575
915,Utah,Washington,45.49589041095891
916,Utah,Wayne,7.6
917,Utah,Weber,45.08766233766234
918,Vermont,Bennington,35.99452054794521
919,Vermont,Chittenden,37.45753424657534
920,Vermont,Rutland,38.273972602739725
921,Vermont,Windham,9.196078431372548
922,Virgin Islands,St Croix,24.87719298245614
923,Virgin Islands,St John,19.681818181818183
924,Virgin Islands,St Thomas,32.73880597014925
925,Virginia,Albemarle,37.656028368794324
926,Virginia,Alexandria City,5.192660550458716
927,Virginia,Arlington,39.41095890410959
928,Virginia,Botetourt,5.135211267605634
929,Virginia,Bristol City,26.82051282051282
930,Virginia,Caroline,38.68200836820084
931,Virginia,Carroll,8.672131147540984
932,Virginia,Charles,31.03932584269663
933,Virginia,Chesterfield,38.285714285714285
934,Virginia,Covington City,11.510989010989011
935,Virginia,Fairfax,44.76986301369863
936,Virginia,Fauquier,36.1587982832618
937,Virginia,Frederick,37.156164383561645
938,Virginia,Giles,42.443835616438356
939,Virginia,Hampton City,37.02472527472528
940,Virginia,Hanover,41.666666666666664
941,Virginia,Henrico,37.46556473829201
942,Virginia,Hopewell City,8.824561403508772
943,Virginia,Loudoun,36.22255192878338
944,Virginia,Lynchburg City,26.25
945,Virginia,Madison,40.95303867403315
946,Virginia,Norfolk City,20.623626373626372
947,Virginia,Prince Edward,34.87150837988827
948,Virginia,Prince William,31.84065934065934
949,Virginia,Richmond City,34.828729281767956
950,Virginia,Roanoke,35.53972602739726
951,Virginia,Rockbridge,36.818897637795274
952,Virginia,Rockingham,34.66849315068493
953,Virginia,Salem City,27.652542372881356
954,Virginia,Stafford,37.36153846153846
955,Virginia,Suffolk City,40.91428571428571
956,Virginia,Virginia Beach City,27.8
957,Virginia,Winchester City,8.789473684210526
958,Virginia,Wythe,40.268595041322314
959,Washington,Adams,16.461111111111112
960,Washington,Asotin,32.226890756302524
961,Washington,Benton,36.53846153846154
962,Washington,Chelan,29.898630136986302
963,Washington,Clallam,34.95342465753425
964,Washington,Clark,34.08791208791209
965,Washington,Columbia,21.386301369863013
966,Washington,Cowlitz,22.519444444444446
967,Washington,Franklin,20.51051051051051
968,Washington,Garfield,19.87150837988827
969,Washington,Grant,23.216438356164385
970,Washington,Grays Harbor,22.048295454545453
971,Washington,Jefferson,21.482191780821918
972,Washington,King,42.178082191780824
973,Washington,Kitsap,20.455882352941178
974,Washington,Kittitas,28.41917808219178
975,Washington,Klickitat,24.816438356164383
976,Washington,Lewis,24.328767123287673
977,Washington,Mason,24.59556786703601
978,Washington,Okanogan,35.74246575342466
979,Washington,Pierce,43.23287671232877
980,Washington,San Juan,16.5625
981,Washington,Skagit,24.81917808219178
982,Washington,Snohomish,34.675824175824175
983,Washington,Spokane,38.652054794520545
984,Washington,Stevens,34.59452054794521
985,Washington,Thurston,31.610958904109587
986,Washington,Walla Walla,25.446575342465753
987,Washington,Whatcom,39.06849315068493
988,Washington,Whitman,21.246575342465754
989,Washington,Yakima,44.013698630136986
990,West Virginia,Berkeley,39.201438848920866
991,West Virginia,Brooke,29.14246575342466
992,West Virginia,Cabell,37.69090909090909
993,West Virginia,Gilmer,32.270833333333336
994,West Virginia,Greenbrier,41.34710743801653
995,West Virginia,Hancock,32.73150684931507
996,West Virginia,Harrison,30.063063063063062
997,West Virginia,Kanawha,38.827397260273976
998,West Virginia,Marion,31.303030303030305
999,West Virginia,Marshall,15.6045197740113
1000,West Virginia,Mason,8.302777777777777
1001,West Virginia,Mineral,11.034883720930232
1002,West Virginia,Monongalia,30.51098901098901
1003,West Virginia,Ohio,40.63250883392226
1004,West Virginia,Tucker,35.861111111111114
1005,West Virginia,Wood,31.233516483516482
1006,Wisconsin,Ashland,34.93131868131868
1007,Wisconsin,Brown,35.31232876712329
1008,Wisconsin,Columbia,36.640625
1009,Wisconsin,Dane,40.20821917808219
1010,Wisconsin,Dodge,41.367123287671234
1011,Wisconsin,Door,36.09950248756219
1012,Wisconsin,Eau Claire,36.44077134986226
1013,Wisconsin,Fond du Lac,36.35643564356435
1014,Wisconsin,Forest,35.925619834710744
1015,Wisconsin,Grant,33.131506849315066
1016,Wisconsin,Jefferson,38.275862068965516
1017,Wisconsin,Kenosha,42.12328767123287
1018,Wisconsin,Kewaunee,36.4
1019,Wisconsin,La Crosse,37.35342465753425
1020,Wisconsin,Manitowoc,37.039603960396036
1021,Wisconsin,Marathon,35.28780487804878
1022,Wisconsin,Milwaukee,43.81643835616438
1023,Wisconsin,Oneida,2.663013698630137
1024,Wisconsin,Outagamie,38.084931506849315
1025,Wisconsin,Ozaukee,38.10192837465565
1026,Wisconsin,Racine,41.78817733990148
1027,Wisconsin,Rock,38.67487684729064
1028,Wisconsin,Sauk,36.46849315068493
1029,Wisconsin,Sheboygan,40.800970873786405
1030,Wisconsin,Taylor,37.136986301369866
1031,Wisconsin,Vilas,28.441988950276244
1032,Wisconsin,Walworth,38.65365853658537
1033,Wisconsin,Waukesha,41.25479452054795
1034,Wyoming,Albany,48.93424657534246
1035,Wyoming,Big Horn,35.92696629213483
1036,Wyoming,Campbell,41.23561643835617
1037,Wyoming,Carbon,43.00821917808219
1038,Wyoming,Converse,41.85205479452055
1039,Wyoming,Fremont,47.98082191780822
1040,Wyoming,Johnson,39.357142857142854
1041,Wyoming,Laramie,43.45479452054794
1042,Wyoming,Lincoln,14.386301369863014
1043,Wyoming,Natrona,42.15384615384615
1044,Wyoming,Park,35.74013157894737
1045,Wyoming,Platte,18.4
1046,Wyoming,Sheridan,38.93150684931507
1047,Wyoming,Sublette,51.45205479452055
1048,Wyoming,Sweetwater,48.56438356164384
1049,Wyoming,Teton,43.8986301369863
1050,Wyoming,Uinta,44.57808219178082
1051,Wyoming,Weston,40.013698630136986
